year,tiv_m,source
1950,8150.0,"SIPRI Arms Transfers Database (TIV, retrieved 2026-07-24)"
1951,11477.0,"SIPRI Arms Transfers Database (TIV, retrieved 2026-07-24)"
1952,16619.0,"SIPRI Arms Transfers Database (TIV, retrieved 2026-07-24)"
1953,23559.0,"SIPRI Arms Transfers Database (TIV, retrieved 2026-07-24)"
1954,20442.0,"SIPRI Arms Transfers Database (TIV, retrieved 2026-07-24)"
1955,20486.0,"SIPRI Arms Transfers Database (TIV, retrieved 2026-07-24)"
1956,24664.0,"SIPRI Arms Transfers Database (TIV, retrieved 2026-07-24)"
1957,23621.0,"SIPRI Arms Transfers Database (TIV, retrieved 2026-07-24)"
1958,25041.0,"SIPRI Arms Transfers Database (TIV, retrieved 2026-07-24)"
1959,21209.0,"SIPRI Arms Transfers Database (TIV, retrieved 2026-07-24)"
1960,17600.0,"SIPRI Arms Transfers Database (TIV, retrieved 2026-07-24)"
1961,16398.0,"SIPRI Arms Transfers Database (TIV, retrieved 2026-07-24)"
1962,17526.0,"SIPRI Arms Transfers Database (TIV, retrieved 2026-07-24)"
1963,20273.0,"SIPRI Arms Transfers Database (TIV, retrieved 2026-07-24)"
1964,26727.0,"SIPRI Arms Transfers Database (TIV, retrieved 2026-07-24)"
1965,25821.0,"SIPRI Arms Transfers Database (TIV, retrieved 2026-07-24)"
1966,25770.0,"SIPRI Arms Transfers Database (TIV, retrieved 2026-07-24)"
1967,25573.0,"SIPRI Arms Transfers Database (TIV, retrieved 2026-07-24)"
1968,26129.0,"SIPRI Arms Transfers Database (TIV, retrieved 2026-07-24)"
1969,28136.0,"SIPRI Arms Transfers Database (TIV, retrieved 2026-07-24)"
1970,25270.0,"SIPRI Arms Transfers Database (TIV, retrieved 2026-07-24)"
1971,32851.0,"SIPRI Arms Transfers Database (TIV, retrieved 2026-07-24)"
1972,34526.0,"SIPRI Arms Transfers Database (TIV, retrieved 2026-07-24)"
1973,36300.0,"SIPRI Arms Transfers Database (TIV, retrieved 2026-07-24)"
1974,36584.0,"SIPRI Arms Transfers Database (TIV, retrieved 2026-07-24)"
1975,37148.0,"SIPRI Arms Transfers Database (TIV, retrieved 2026-07-24)"
1976,35973.0,"SIPRI Arms Transfers Database (TIV, retrieved 2026-07-24)"
1977,39967.0,"SIPRI Arms Transfers Database (TIV, retrieved 2026-07-24)"
1978,42371.0,"SIPRI Arms Transfers Database (TIV, retrieved 2026-07-24)"
1979,38356.0,"SIPRI Arms Transfers Database (TIV, retrieved 2026-07-24)"
1980,42226.0,"SIPRI Arms Transfers Database (TIV, retrieved 2026-07-24)"
1981,45806.0,"SIPRI Arms Transfers Database (TIV, retrieved 2026-07-24)"
1982,46203.0,"SIPRI Arms Transfers Database (TIV, retrieved 2026-07-24)"
1983,43912.0,"SIPRI Arms Transfers Database (TIV, retrieved 2026-07-24)"
1984,41611.0,"SIPRI Arms Transfers Database (TIV, retrieved 2026-07-24)"
1985,38167.0,"SIPRI Arms Transfers Database (TIV, retrieved 2026-07-24)"
1986,39023.0,"SIPRI Arms Transfers Database (TIV, retrieved 2026-07-24)"
1987,39395.0,"SIPRI Arms Transfers Database (TIV, retrieved 2026-07-24)"
1988,36766.0,"SIPRI Arms Transfers Database (TIV, retrieved 2026-07-24)"
1989,34908.0,"SIPRI Arms Transfers Database (TIV, retrieved 2026-07-24)"
1990,30232.0,"SIPRI Arms Transfers Database (TIV, retrieved 2026-07-24)"
1991,28161.0,"SIPRI Arms Transfers Database (TIV, retrieved 2026-07-24)"
1992,24306.0,"SIPRI Arms Transfers Database (TIV, retrieved 2026-07-24)"
1993,25820.0,"SIPRI Arms Transfers Database (TIV, retrieved 2026-07-24)"
1994,22947.0,"SIPRI Arms Transfers Database (TIV, retrieved 2026-07-24)"
1995,22942.0,"SIPRI Arms Transfers Database (TIV, retrieved 2026-07-24)"
1996,23732.0,"SIPRI Arms Transfers Database (TIV, retrieved 2026-07-24)"
1997,28886.0,"SIPRI Arms Transfers Database (TIV, retrieved 2026-07-24)"
1998,27912.0,"SIPRI Arms Transfers Database (TIV, retrieved 2026-07-24)"
1999,25383.0,"SIPRI Arms Transfers Database (TIV, retrieved 2026-07-24)"
2000,20518.0,"SIPRI Arms Transfers Database (TIV, retrieved 2026-07-24)"
2001,18495.0,"SIPRI Arms Transfers Database (TIV, retrieved 2026-07-24)"
2002,17681.0,"SIPRI Arms Transfers Database (TIV, retrieved 2026-07-24)"
2003,19146.0,"SIPRI Arms Transfers Database (TIV, retrieved 2026-07-24)"
2004,21275.0,"SIPRI Arms Transfers Database (TIV, retrieved 2026-07-24)"
2005,21389.0,"SIPRI Arms Transfers Database (TIV, retrieved 2026-07-24)"
2006,24528.0,"SIPRI Arms Transfers Database (TIV, retrieved 2026-07-24)"
2007,26511.0,"SIPRI Arms Transfers Database (TIV, retrieved 2026-07-24)"
2008,24120.0,"SIPRI Arms Transfers Database (TIV, retrieved 2026-07-24)"
2009,24444.0,"SIPRI Arms Transfers Database (TIV, retrieved 2026-07-24)"
2010,25832.0,"SIPRI Arms Transfers Database (TIV, retrieved 2026-07-24)"
2011,29928.0,"SIPRI Arms Transfers Database (TIV, retrieved 2026-07-24)"
2012,27937.0,"SIPRI Arms Transfers Database (TIV, retrieved 2026-07-24)"
2013,27407.0,"SIPRI Arms Transfers Database (TIV, retrieved 2026-07-24)"
2014,27127.0,"SIPRI Arms Transfers Database (TIV, retrieved 2026-07-24)"
2015,28722.0,"SIPRI Arms Transfers Database (TIV, retrieved 2026-07-24)"
2016,31481.0,"SIPRI Arms Transfers Database (TIV, retrieved 2026-07-24)"
2017,31279.0,"SIPRI Arms Transfers Database (TIV, retrieved 2026-07-24)"
2018,27368.0,"SIPRI Arms Transfers Database (TIV, retrieved 2026-07-24)"
2019,27036.0,"SIPRI Arms Transfers Database (TIV, retrieved 2026-07-24)"
2020,24055.0,"SIPRI Arms Transfers Database (TIV, retrieved 2026-07-24)"
2021,27084.0,"SIPRI Arms Transfers Database (TIV, retrieved 2026-07-24)"
2022,33297.0,"SIPRI Arms Transfers Database (TIV, retrieved 2026-07-24)"
2023,29527.0,"SIPRI Arms Transfers Database (TIV, retrieved 2026-07-24)"
2024,30721.0,"SIPRI Arms Transfers Database (TIV, retrieved 2026-07-24)"
2025,33535.0,"SIPRI Arms Transfers Database (TIV, retrieved 2026-07-24)"
