quarter,ccy,flow_share_pct,source
1999-Q2,USD,52.98852128333712,Derived from IMF COFER allocated claims; each currency's share of the quarterly change in total allocated claims
1999-Q3,USD,17.17499162086623,Derived from IMF COFER allocated claims; each currency's share of the quarterly change in total allocated claims
1999-Q4,USD,39.436871025752524,Derived from IMF COFER allocated claims; each currency's share of the quarterly change in total allocated claims
2000-Q1,USD,35.04307695393173,Derived from IMF COFER allocated claims; each currency's share of the quarterly change in total allocated claims
2000-Q2,USD,32.8464990366483,Derived from IMF COFER allocated claims; each currency's share of the quarterly change in total allocated claims
2000-Q3,USD,34.03971718582551,Derived from IMF COFER allocated claims; each currency's share of the quarterly change in total allocated claims
2000-Q4,USD,21.602312424005422,Derived from IMF COFER allocated claims; each currency's share of the quarterly change in total allocated claims
2001-Q1,USD,522.0172321629574,Derived from IMF COFER allocated claims; each currency's share of the quarterly change in total allocated claims
2001-Q2,USD,111.90774928427302,Derived from IMF COFER allocated claims; each currency's share of the quarterly change in total allocated claims
2001-Q3,USD,28.983374722594434,Derived from IMF COFER allocated claims; each currency's share of the quarterly change in total allocated claims
2001-Q4,USD,36.42127714025472,Derived from IMF COFER allocated claims; each currency's share of the quarterly change in total allocated claims
2002-Q1,USD,26.85326643791035,Derived from IMF COFER allocated claims; each currency's share of the quarterly change in total allocated claims
2002-Q2,USD,15.722784975645537,Derived from IMF COFER allocated claims; each currency's share of the quarterly change in total allocated claims
2002-Q3,USD,16.201990614401083,Derived from IMF COFER allocated claims; each currency's share of the quarterly change in total allocated claims
2002-Q4,USD,11.924875732993328,Derived from IMF COFER allocated claims; each currency's share of the quarterly change in total allocated claims
2003-Q1,USD,28.280446970922686,Derived from IMF COFER allocated claims; each currency's share of the quarterly change in total allocated claims
2003-Q2,USD,32.596943231598296,Derived from IMF COFER allocated claims; each currency's share of the quarterly change in total allocated claims
2003-Q3,USD,34.55595704852282,Derived from IMF COFER allocated claims; each currency's share of the quarterly change in total allocated claims
2003-Q4,USD,21.577349296939573,Derived from IMF COFER allocated claims; each currency's share of the quarterly change in total allocated claims
2004-Q1,USD,38.563831812000906,Derived from IMF COFER allocated claims; each currency's share of the quarterly change in total allocated claims
2004-Q2,USD,39.26885510903425,Derived from IMF COFER allocated claims; each currency's share of the quarterly change in total allocated claims
2004-Q3,USD,25.42820857660103,Derived from IMF COFER allocated claims; each currency's share of the quarterly change in total allocated claims
2004-Q4,USD,25.387625561081613,Derived from IMF COFER allocated claims; each currency's share of the quarterly change in total allocated claims
2005-Q1,USD,40.84450922653321,Derived from IMF COFER allocated claims; each currency's share of the quarterly change in total allocated claims
2005-Q2,USD,41.24687818164009,Derived from IMF COFER allocated claims; each currency's share of the quarterly change in total allocated claims
2005-Q3,USD,37.787773828673004,Derived from IMF COFER allocated claims; each currency's share of the quarterly change in total allocated claims
2005-Q4,USD,30.85374515010374,Derived from IMF COFER allocated claims; each currency's share of the quarterly change in total allocated claims
2006-Q1,USD,32.39546637420319,Derived from IMF COFER allocated claims; each currency's share of the quarterly change in total allocated claims
2006-Q2,USD,24.564081111483564,Derived from IMF COFER allocated claims; each currency's share of the quarterly change in total allocated claims
2006-Q3,USD,38.295776168192276,Derived from IMF COFER allocated claims; each currency's share of the quarterly change in total allocated claims
2006-Q4,USD,24.176812379350302,Derived from IMF COFER allocated claims; each currency's share of the quarterly change in total allocated claims
2007-Q1,USD,31.741527629485034,Derived from IMF COFER allocated claims; each currency's share of the quarterly change in total allocated claims
2007-Q2,USD,29.507649430977057,Derived from IMF COFER allocated claims; each currency's share of the quarterly change in total allocated claims
2007-Q3,USD,25.342701786937695,Derived from IMF COFER allocated claims; each currency's share of the quarterly change in total allocated claims
2007-Q4,USD,30.437842353534684,Derived from IMF COFER allocated claims; each currency's share of the quarterly change in total allocated claims
2008-Q1,USD,34.363481352862145,Derived from IMF COFER allocated claims; each currency's share of the quarterly change in total allocated claims
2008-Q2,USD,25.376487405346502,Derived from IMF COFER allocated claims; each currency's share of the quarterly change in total allocated claims
2008-Q3,USD,153.05494187254462,Derived from IMF COFER allocated claims; each currency's share of the quarterly change in total allocated claims
2009-Q2,USD,18.172863769642326,Derived from IMF COFER allocated claims; each currency's share of the quarterly change in total allocated claims
2009-Q3,USD,18.21814676303363,Derived from IMF COFER allocated claims; each currency's share of the quarterly change in total allocated claims
2009-Q4,USD,42.945734131058245,Derived from IMF COFER allocated claims; each currency's share of the quarterly change in total allocated claims
2010-Q1,USD,18.515883960164572,Derived from IMF COFER allocated claims; each currency's share of the quarterly change in total allocated claims
2010-Q2,USD,55.6472440532644,Derived from IMF COFER allocated claims; each currency's share of the quarterly change in total allocated claims
2010-Q3,USD,25.38673694226795,Derived from IMF COFER allocated claims; each currency's share of the quarterly change in total allocated claims
2010-Q4,USD,32.8477876516711,Derived from IMF COFER allocated claims; each currency's share of the quarterly change in total allocated claims
2011-Q1,USD,29.602610051588535,Derived from IMF COFER allocated claims; each currency's share of the quarterly change in total allocated claims
2011-Q2,USD,27.459875483698177,Derived from IMF COFER allocated claims; each currency's share of the quarterly change in total allocated claims
2011-Q3,USD,67.8341730855378,Derived from IMF COFER allocated claims; each currency's share of the quarterly change in total allocated claims
2011-Q4,USD,70.47071536180715,Derived from IMF COFER allocated claims; each currency's share of the quarterly change in total allocated claims
2012-Q1,USD,16.475021776331012,Derived from IMF COFER allocated claims; each currency's share of the quarterly change in total allocated claims
2012-Q2,USD,46.461749520865496,Derived from IMF COFER allocated claims; each currency's share of the quarterly change in total allocated claims
2012-Q3,USD,23.865730454695566,Derived from IMF COFER allocated claims; each currency's share of the quarterly change in total allocated claims
2012-Q4,USD,32.271119556823,Derived from IMF COFER allocated claims; each currency's share of the quarterly change in total allocated claims
2013-Q1,USD,40.29756427672585,Derived from IMF COFER allocated claims; each currency's share of the quarterly change in total allocated claims
2013-Q2,USD,26.076689721692066,Derived from IMF COFER allocated claims; each currency's share of the quarterly change in total allocated claims
2013-Q3,USD,25.54447140215491,Derived from IMF COFER allocated claims; each currency's share of the quarterly change in total allocated claims
2013-Q4,USD,30.24956845578896,Derived from IMF COFER allocated claims; each currency's share of the quarterly change in total allocated claims
2014-Q1,USD,15.167003022205353,Derived from IMF COFER allocated claims; each currency's share of the quarterly change in total allocated claims
2014-Q2,USD,31.77051684344584,Derived from IMF COFER allocated claims; each currency's share of the quarterly change in total allocated claims
2015-Q2,USD,10.596744585118255,Derived from IMF COFER allocated claims; each currency's share of the quarterly change in total allocated claims
2016-Q1,USD,-4005.477094395043,Derived from IMF COFER allocated claims; each currency's share of the quarterly change in total allocated claims
2016-Q2,USD,42.55571372132092,Derived from IMF COFER allocated claims; each currency's share of the quarterly change in total allocated claims
2016-Q3,USD,-11.064305306991958,Derived from IMF COFER allocated claims; each currency's share of the quarterly change in total allocated claims
2017-Q1,USD,18.577547796401415,Derived from IMF COFER allocated claims; each currency's share of the quarterly change in total allocated claims
2017-Q2,USD,14.081358918735443,Derived from IMF COFER allocated claims; each currency's share of the quarterly change in total allocated claims
2017-Q3,USD,25.180774101309307,Derived from IMF COFER allocated claims; each currency's share of the quarterly change in total allocated claims
2017-Q4,USD,8.73340046233496,Derived from IMF COFER allocated claims; each currency's share of the quarterly change in total allocated claims
2018-Q1,USD,38.20847334054674,Derived from IMF COFER allocated claims; each currency's share of the quarterly change in total allocated claims
2018-Q4,USD,-36.02229981082433,Derived from IMF COFER allocated claims; each currency's share of the quarterly change in total allocated claims
2019-Q1,USD,35.60019253127544,Derived from IMF COFER allocated claims; each currency's share of the quarterly change in total allocated claims
2019-Q2,USD,9.31451421397865,Derived from IMF COFER allocated claims; each currency's share of the quarterly change in total allocated claims
2019-Q4,USD,5.808688643595657,Derived from IMF COFER allocated claims; each currency's share of the quarterly change in total allocated claims
2020-Q2,USD,23.037853915020538,Derived from IMF COFER allocated claims; each currency's share of the quarterly change in total allocated claims
2020-Q3,USD,7.45110931896048,Derived from IMF COFER allocated claims; each currency's share of the quarterly change in total allocated claims
2020-Q4,USD,9.652029969398376,Derived from IMF COFER allocated claims; each currency's share of the quarterly change in total allocated claims
2021-Q2,USD,23.925210744328588,Derived from IMF COFER allocated claims; each currency's share of the quarterly change in total allocated claims
2021-Q3,USD,36.20216849581796,Derived from IMF COFER allocated claims; each currency's share of the quarterly change in total allocated claims
2021-Q4,USD,-3.243932311814763,Derived from IMF COFER allocated claims; each currency's share of the quarterly change in total allocated claims
2022-Q4,USD,6.449133443369242,Derived from IMF COFER allocated claims; each currency's share of the quarterly change in total allocated claims
2023-Q1,USD,89.8161554228855,Derived from IMF COFER allocated claims; each currency's share of the quarterly change in total allocated claims
2023-Q2,USD,-36.81669250963345,Derived from IMF COFER allocated claims; each currency's share of the quarterly change in total allocated claims
2023-Q4,USD,21.013088862976208,Derived from IMF COFER allocated claims; each currency's share of the quarterly change in total allocated claims
2024-Q1,USD,124.28262906616634,Derived from IMF COFER allocated claims; each currency's share of the quarterly change in total allocated claims
2024-Q3,USD,13.681186472167692,Derived from IMF COFER allocated claims; each currency's share of the quarterly change in total allocated claims
2025-Q1,USD,28.311326533019265,Derived from IMF COFER allocated claims; each currency's share of the quarterly change in total allocated claims
2025-Q2,USD,8.029735358618048,Derived from IMF COFER allocated claims; each currency's share of the quarterly change in total allocated claims
2025-Q3,USD,4.594651934716975,Derived from IMF COFER allocated claims; each currency's share of the quarterly change in total allocated claims
2025-Q4,USD,17.508205322735293,Derived from IMF COFER allocated claims; each currency's share of the quarterly change in total allocated claims
1999-Q2,EUR,-1.1000631770715423,Derived from IMF COFER allocated claims; each currency's share of the quarterly change in total allocated claims
1999-Q3,EUR,18.65441786174322,Derived from IMF COFER allocated claims; each currency's share of the quarterly change in total allocated claims
1999-Q4,EUR,3.8298849950309686,Derived from IMF COFER allocated claims; each currency's share of the quarterly change in total allocated claims
2000-Q1,EUR,6.0387347004187975,Derived from IMF COFER allocated claims; each currency's share of the quarterly change in total allocated claims
2000-Q2,EUR,13.295763779839568,Derived from IMF COFER allocated claims; each currency's share of the quarterly change in total allocated claims
2000-Q3,EUR,-5.640200840634348,Derived from IMF COFER allocated claims; each currency's share of the quarterly change in total allocated claims
2000-Q4,EUR,25.155376062992417,Derived from IMF COFER allocated claims; each currency's share of the quarterly change in total allocated claims
2001-Q1,EUR,-157.93919923929695,Derived from IMF COFER allocated claims; each currency's share of the quarterly change in total allocated claims
2001-Q2,EUR,1.2268355492571337,Derived from IMF COFER allocated claims; each currency's share of the quarterly change in total allocated claims
2001-Q3,EUR,17.15124027042853,Derived from IMF COFER allocated claims; each currency's share of the quarterly change in total allocated claims
2001-Q4,EUR,31.44038418381838,Derived from IMF COFER allocated claims; each currency's share of the quarterly change in total allocated claims
2002-Q1,EUR,29.422869518005562,Derived from IMF COFER allocated claims; each currency's share of the quarterly change in total allocated claims
2002-Q2,EUR,17.038696585021583,Derived from IMF COFER allocated claims; each currency's share of the quarterly change in total allocated claims
2002-Q3,EUR,27.01331646900741,Derived from IMF COFER allocated claims; each currency's share of the quarterly change in total allocated claims
2002-Q4,EUR,32.20080475760009,Derived from IMF COFER allocated claims; each currency's share of the quarterly change in total allocated claims
2003-Q1,EUR,7.998723039431678,Derived from IMF COFER allocated claims; each currency's share of the quarterly change in total allocated claims
2003-Q2,EUR,15.122766929231126,Derived from IMF COFER allocated claims; each currency's share of the quarterly change in total allocated claims
2003-Q3,EUR,7.744275094433367,Derived from IMF COFER allocated claims; each currency's share of the quarterly change in total allocated claims
2003-Q4,EUR,14.87125538166317,Derived from IMF COFER allocated claims; each currency's share of the quarterly change in total allocated claims
2004-Q1,EUR,3.4907864057581164,Derived from IMF COFER allocated claims; each currency's share of the quarterly change in total allocated claims
2004-Q2,EUR,10.246266179333599,Derived from IMF COFER allocated claims; each currency's share of the quarterly change in total allocated claims
2004-Q3,EUR,18.052033841535255,Derived from IMF COFER allocated claims; each currency's share of the quarterly change in total allocated claims
2004-Q4,EUR,16.91040659733709,Derived from IMF COFER allocated claims; each currency's share of the quarterly change in total allocated claims
2005-Q1,EUR,11.08670071505193,Derived from IMF COFER allocated claims; each currency's share of the quarterly change in total allocated claims
2005-Q2,EUR,3.9212875808195697,Derived from IMF COFER allocated claims; each currency's share of the quarterly change in total allocated claims
2005-Q3,EUR,5.345719531953262,Derived from IMF COFER allocated claims; each currency's share of the quarterly change in total allocated claims
2005-Q4,EUR,5.174916172206826,Derived from IMF COFER allocated claims; each currency's share of the quarterly change in total allocated claims
2006-Q1,EUR,13.62548695932616,Derived from IMF COFER allocated claims; each currency's share of the quarterly change in total allocated claims
2006-Q2,EUR,14.394067144882241,Derived from IMF COFER allocated claims; each currency's share of the quarterly change in total allocated claims
2006-Q3,EUR,6.404019246168473,Derived from IMF COFER allocated claims; each currency's share of the quarterly change in total allocated claims
2006-Q4,EUR,15.750448997136745,Derived from IMF COFER allocated claims; each currency's share of the quarterly change in total allocated claims
2007-Q1,EUR,16.871542316770917,Derived from IMF COFER allocated claims; each currency's share of the quarterly change in total allocated claims
2007-Q2,EUR,8.290930588684287,Derived from IMF COFER allocated claims; each currency's share of the quarterly change in total allocated claims
2007-Q3,EUR,19.381045531632687,Derived from IMF COFER allocated claims; each currency's share of the quarterly change in total allocated claims
2007-Q4,EUR,8.193372561398887,Derived from IMF COFER allocated claims; each currency's share of the quarterly change in total allocated claims
2008-Q1,EUR,11.279811873808908,Derived from IMF COFER allocated claims; each currency's share of the quarterly change in total allocated claims
2008-Q2,EUR,12.374132121935876,Derived from IMF COFER allocated claims; each currency's share of the quarterly change in total allocated claims
2008-Q3,EUR,-95.26585963654303,Derived from IMF COFER allocated claims; each currency's share of the quarterly change in total allocated claims
2009-Q2,EUR,19.442403361500425,Derived from IMF COFER allocated claims; each currency's share of the quarterly change in total allocated claims
2009-Q3,EUR,13.366797171279387,Derived from IMF COFER allocated claims; each currency's share of the quarterly change in total allocated claims
2009-Q4,EUR,10.152695008634904,Derived from IMF COFER allocated claims; each currency's share of the quarterly change in total allocated claims
2010-Q1,EUR,4.5432891000955555,Derived from IMF COFER allocated claims; each currency's share of the quarterly change in total allocated claims
2010-Q2,EUR,-14.760843070468619,Derived from IMF COFER allocated claims; each currency's share of the quarterly change in total allocated claims
2010-Q3,EUR,14.353259754865514,Derived from IMF COFER allocated claims; each currency's share of the quarterly change in total allocated claims
2010-Q4,EUR,4.559670660184077,Derived from IMF COFER allocated claims; each currency's share of the quarterly change in total allocated claims
2011-Q1,EUR,9.624311106492915,Derived from IMF COFER allocated claims; each currency's share of the quarterly change in total allocated claims
2011-Q2,EUR,13.164657774374422,Derived from IMF COFER allocated claims; each currency's share of the quarterly change in total allocated claims
2011-Q3,EUR,-24.642232716263308,Derived from IMF COFER allocated claims; each currency's share of the quarterly change in total allocated claims
2011-Q4,EUR,-60.19853298093453,Derived from IMF COFER allocated claims; each currency's share of the quarterly change in total allocated claims
2012-Q1,EUR,11.385670918375006,Derived from IMF COFER allocated claims; each currency's share of the quarterly change in total allocated claims
2012-Q2,EUR,16.60126161117586,Derived from IMF COFER allocated claims; each currency's share of the quarterly change in total allocated claims
2012-Q3,EUR,0.4288166298856988,Derived from IMF COFER allocated claims; each currency's share of the quarterly change in total allocated claims
2012-Q4,EUR,14.225256795072639,Derived from IMF COFER allocated claims; each currency's share of the quarterly change in total allocated claims
2013-Q1,EUR,-6.373371071479098,Derived from IMF COFER allocated claims; each currency's share of the quarterly change in total allocated claims
2013-Q2,EUR,24.598072155478405,Derived from IMF COFER allocated claims; each currency's share of the quarterly change in total allocated claims
2013-Q3,EUR,13.780626167628299,Derived from IMF COFER allocated claims; each currency's share of the quarterly change in total allocated claims
2013-Q4,EUR,14.549661030859781,Derived from IMF COFER allocated claims; each currency's share of the quarterly change in total allocated claims
2014-Q1,EUR,22.586633604620207,Derived from IMF COFER allocated claims; each currency's share of the quarterly change in total allocated claims
2014-Q2,EUR,3.606141824807121,Derived from IMF COFER allocated claims; each currency's share of the quarterly change in total allocated claims
2015-Q2,EUR,17.314155418284535,Derived from IMF COFER allocated claims; each currency's share of the quarterly change in total allocated claims
2016-Q1,EUR,6785.009430901738,Derived from IMF COFER allocated claims; each currency's share of the quarterly change in total allocated claims
2016-Q2,EUR,-32.65669047894389,Derived from IMF COFER allocated claims; each currency's share of the quarterly change in total allocated claims
2016-Q3,EUR,23.955499264818787,Derived from IMF COFER allocated claims; each currency's share of the quarterly change in total allocated claims
2017-Q1,EUR,11.919854564529405,Derived from IMF COFER allocated claims; each currency's share of the quarterly change in total allocated claims
2017-Q2,EUR,26.830174491691583,Derived from IMF COFER allocated claims; each currency's share of the quarterly change in total allocated claims
2017-Q3,EUR,12.563215100714006,Derived from IMF COFER allocated claims; each currency's share of the quarterly change in total allocated claims
2017-Q4,EUR,10.868740515710233,Derived from IMF COFER allocated claims; each currency's share of the quarterly change in total allocated claims
2018-Q1,EUR,14.0266333940034,Derived from IMF COFER allocated claims; each currency's share of the quarterly change in total allocated claims
2018-Q4,EUR,83.04883458109482,Derived from IMF COFER allocated claims; each currency's share of the quarterly change in total allocated claims
2019-Q1,EUR,-5.685321156101426,Derived from IMF COFER allocated claims; each currency's share of the quarterly change in total allocated claims
2019-Q2,EUR,22.89492564524578,Derived from IMF COFER allocated claims; each currency's share of the quarterly change in total allocated claims
2019-Q4,EUR,19.740575426583668,Derived from IMF COFER allocated claims; each currency's share of the quarterly change in total allocated claims
2020-Q2,EUR,12.399065524311533,Derived from IMF COFER allocated claims; each currency's share of the quarterly change in total allocated claims
2020-Q3,EUR,20.287035323406712,Derived from IMF COFER allocated claims; each currency's share of the quarterly change in total allocated claims
2020-Q4,EUR,19.65313961566836,Derived from IMF COFER allocated claims; each currency's share of the quarterly change in total allocated claims
2021-Q2,EUR,12.077405087685696,Derived from IMF COFER allocated claims; each currency's share of the quarterly change in total allocated claims
2021-Q3,EUR,-5.739237758404489,Derived from IMF COFER allocated claims; each currency's share of the quarterly change in total allocated claims
2021-Q4,EUR,12.727509499975783,Derived from IMF COFER allocated claims; each currency's share of the quarterly change in total allocated claims
2022-Q4,EUR,23.534016888212225,Derived from IMF COFER allocated claims; each currency's share of the quarterly change in total allocated claims
2023-Q1,EUR,-40.60902157709832,Derived from IMF COFER allocated claims; each currency's share of the quarterly change in total allocated claims
2023-Q2,EUR,46.60851112920291,Derived from IMF COFER allocated claims; each currency's share of the quarterly change in total allocated claims
2023-Q4,EUR,13.288847058912886,Derived from IMF COFER allocated claims; each currency's share of the quarterly change in total allocated claims
2024-Q1,EUR,-50.448298232317136,Derived from IMF COFER allocated claims; each currency's share of the quarterly change in total allocated claims
2024-Q3,EUR,14.472011974629426,Derived from IMF COFER allocated claims; each currency's share of the quarterly change in total allocated claims
2025-Q1,EUR,16.751832735429325,Derived from IMF COFER allocated claims; each currency's share of the quarterly change in total allocated claims
2025-Q2,EUR,26.524093912790935,Derived from IMF COFER allocated claims; each currency's share of the quarterly change in total allocated claims
2025-Q3,EUR,25.7186728364341,Derived from IMF COFER allocated claims; each currency's share of the quarterly change in total allocated claims
2025-Q4,EUR,4.075284821147198,Derived from IMF COFER allocated claims; each currency's share of the quarterly change in total allocated claims
2017-Q1,CNY,1.5104004685899186,Derived from IMF COFER allocated claims; each currency's share of the quarterly change in total allocated claims
2017-Q2,CNY,0.7457969594936303,Derived from IMF COFER allocated claims; each currency's share of the quarterly change in total allocated claims
2017-Q3,CNY,2.3713954731241755,Derived from IMF COFER allocated claims; each currency's share of the quarterly change in total allocated claims
2017-Q4,CNY,5.574116678747888,Derived from IMF COFER allocated claims; each currency's share of the quarterly change in total allocated claims
2018-Q1,CNY,8.913963252773005,Derived from IMF COFER allocated claims; each currency's share of the quarterly change in total allocated claims
2018-Q4,CNY,21.627023447229373,Derived from IMF COFER allocated claims; each currency's share of the quarterly change in total allocated claims
2019-Q1,CNY,1.7321045882274098,Derived from IMF COFER allocated claims; each currency's share of the quarterly change in total allocated claims
2019-Q2,CNY,0.7916861049028625,Derived from IMF COFER allocated claims; each currency's share of the quarterly change in total allocated claims
2019-Q4,CNY,1.7809163713314262,Derived from IMF COFER allocated claims; each currency's share of the quarterly change in total allocated claims
2020-Q2,CNY,2.0822924743608464,Derived from IMF COFER allocated claims; each currency's share of the quarterly change in total allocated claims
2020-Q3,CNY,3.624860208095013,Derived from IMF COFER allocated claims; each currency's share of the quarterly change in total allocated claims
2020-Q4,CNY,2.902149584800859,Derived from IMF COFER allocated claims; each currency's share of the quarterly change in total allocated claims
2021-Q2,CNY,4.802298136514086,Derived from IMF COFER allocated claims; each currency's share of the quarterly change in total allocated claims
2021-Q3,CNY,17.039355821527927,Derived from IMF COFER allocated claims; each currency's share of the quarterly change in total allocated claims
2021-Q4,CNY,11.13444229597736,Derived from IMF COFER allocated claims; each currency's share of the quarterly change in total allocated claims
2022-Q4,CNY,0.2979244497479851,Derived from IMF COFER allocated claims; each currency's share of the quarterly change in total allocated claims
2023-Q1,CNY,4.1907521912689525,Derived from IMF COFER allocated claims; each currency's share of the quarterly change in total allocated claims
2023-Q2,CNY,-27.702969308438718,Derived from IMF COFER allocated claims; each currency's share of the quarterly change in total allocated claims
2023-Q4,CNY,0.0160486585600547,Derived from IMF COFER allocated claims; each currency's share of the quarterly change in total allocated claims
2024-Q1,CNY,-34.720843572580165,Derived from IMF COFER allocated claims; each currency's share of the quarterly change in total allocated claims
2024-Q3,CNY,1.662644983386723,Derived from IMF COFER allocated claims; each currency's share of the quarterly change in total allocated claims
2025-Q1,CNY,-2.677108674380434,Derived from IMF COFER allocated claims; each currency's share of the quarterly change in total allocated claims
2025-Q2,CNY,1.1759927651624726,Derived from IMF COFER allocated claims; each currency's share of the quarterly change in total allocated claims
2025-Q3,CNY,-1.16702302889485,Derived from IMF COFER allocated claims; each currency's share of the quarterly change in total allocated claims
2025-Q4,CNY,1.4506802779040375,Derived from IMF COFER allocated claims; each currency's share of the quarterly change in total allocated claims
1999-Q2,JPY,-4.517360150840883,Derived from IMF COFER allocated claims; each currency's share of the quarterly change in total allocated claims
1999-Q3,JPY,10.938364811325517,Derived from IMF COFER allocated claims; each currency's share of the quarterly change in total allocated claims
1999-Q4,JPY,4.699444471540068,Derived from IMF COFER allocated claims; each currency's share of the quarterly change in total allocated claims
2000-Q1,JPY,2.3955293563212585,Derived from IMF COFER allocated claims; each currency's share of the quarterly change in total allocated claims
2000-Q2,JPY,20.28736100762138,Derived from IMF COFER allocated claims; each currency's share of the quarterly change in total allocated claims
2000-Q3,JPY,12.660808020211073,Derived from IMF COFER allocated claims; each currency's share of the quarterly change in total allocated claims
2000-Q4,JPY,-3.9422175657892327,Derived from IMF COFER allocated claims; each currency's share of the quarterly change in total allocated claims
2001-Q1,JPY,-328.86027370488506,Derived from IMF COFER allocated claims; each currency's share of the quarterly change in total allocated claims
2001-Q2,JPY,-11.804046433074635,Derived from IMF COFER allocated claims; each currency's share of the quarterly change in total allocated claims
2001-Q3,JPY,2.123985896438607,Derived from IMF COFER allocated claims; each currency's share of the quarterly change in total allocated claims
2001-Q4,JPY,-13.93714901629961,Derived from IMF COFER allocated claims; each currency's share of the quarterly change in total allocated claims
2002-Q1,JPY,-19.587006475169712,Derived from IMF COFER allocated claims; each currency's share of the quarterly change in total allocated claims
2002-Q2,JPY,13.318712786140226,Derived from IMF COFER allocated claims; each currency's share of the quarterly change in total allocated claims
2002-Q3,JPY,-3.788639142406066,Derived from IMF COFER allocated claims; each currency's share of the quarterly change in total allocated claims
2002-Q4,JPY,0.7459150052768564,Derived from IMF COFER allocated claims; each currency's share of the quarterly change in total allocated claims
2003-Q1,JPY,9.100302124979512,Derived from IMF COFER allocated claims; each currency's share of the quarterly change in total allocated claims
2003-Q2,JPY,-1.635146273621178,Derived from IMF COFER allocated claims; each currency's share of the quarterly change in total allocated claims
2003-Q3,JPY,3.9841174572303357,Derived from IMF COFER allocated claims; each currency's share of the quarterly change in total allocated claims
2003-Q4,JPY,6.620000543957774,Derived from IMF COFER allocated claims; each currency's share of the quarterly change in total allocated claims
2004-Q1,JPY,4.481397366210953,Derived from IMF COFER allocated claims; each currency's share of the quarterly change in total allocated claims
2004-Q2,JPY,-7.317958676236165,Derived from IMF COFER allocated claims; each currency's share of the quarterly change in total allocated claims
2004-Q3,JPY,-1.7219445342809114,Derived from IMF COFER allocated claims; each currency's share of the quarterly change in total allocated claims
2004-Q4,JPY,1.993088990193433,Derived from IMF COFER allocated claims; each currency's share of the quarterly change in total allocated claims
2005-Q1,JPY,-5.668440625386725,Derived from IMF COFER allocated claims; each currency's share of the quarterly change in total allocated claims
2005-Q2,JPY,0.2933341973785657,Derived from IMF COFER allocated claims; each currency's share of the quarterly change in total allocated claims
2005-Q3,JPY,0.21530052609865977,Derived from IMF COFER allocated claims; each currency's share of the quarterly change in total allocated claims
2005-Q4,JPY,5.022255844545362,Derived from IMF COFER allocated claims; each currency's share of the quarterly change in total allocated claims
2006-Q1,JPY,-2.4677577982594934,Derived from IMF COFER allocated claims; each currency's share of the quarterly change in total allocated claims
2006-Q2,JPY,2.954135948452383,Derived from IMF COFER allocated claims; each currency's share of the quarterly change in total allocated claims
2006-Q3,JPY,1.054359153686731,Derived from IMF COFER allocated claims; each currency's share of the quarterly change in total allocated claims
2006-Q4,JPY,3.534334812148634,Derived from IMF COFER allocated claims; each currency's share of the quarterly change in total allocated claims
2007-Q1,JPY,-3.0241542553996315,Derived from IMF COFER allocated claims; each currency's share of the quarterly change in total allocated claims
2007-Q2,JPY,3.1146012758754615,Derived from IMF COFER allocated claims; each currency's share of the quarterly change in total allocated claims
2007-Q3,JPY,0.49108062327817387,Derived from IMF COFER allocated claims; each currency's share of the quarterly change in total allocated claims
2007-Q4,JPY,4.676412836753229,Derived from IMF COFER allocated claims; each currency's share of the quarterly change in total allocated claims
2008-Q1,JPY,2.845730811335458,Derived from IMF COFER allocated claims; each currency's share of the quarterly change in total allocated claims
2008-Q2,JPY,4.230510965222876,Derived from IMF COFER allocated claims; each currency's share of the quarterly change in total allocated claims
2008-Q3,JPY,-1.2748012842459673,Derived from IMF COFER allocated claims; each currency's share of the quarterly change in total allocated claims
2009-Q2,JPY,0.3574215099959049,Derived from IMF COFER allocated claims; each currency's share of the quarterly change in total allocated claims
2009-Q3,JPY,2.0864287782316087,Derived from IMF COFER allocated claims; each currency's share of the quarterly change in total allocated claims
2009-Q4,JPY,-0.47274453368759156,Derived from IMF COFER allocated claims; each currency's share of the quarterly change in total allocated claims
2010-Q1,JPY,9.954175051488711,Derived from IMF COFER allocated claims; each currency's share of the quarterly change in total allocated claims
2010-Q2,JPY,8.058566638865226,Derived from IMF COFER allocated claims; each currency's share of the quarterly change in total allocated claims
2010-Q3,JPY,3.3810234093142273,Derived from IMF COFER allocated claims; each currency's share of the quarterly change in total allocated claims
2010-Q4,JPY,3.579340324762243,Derived from IMF COFER allocated claims; each currency's share of the quarterly change in total allocated claims
2011-Q1,JPY,1.9906654221190816,Derived from IMF COFER allocated claims; each currency's share of the quarterly change in total allocated claims
2011-Q2,JPY,2.3907439081903723,Derived from IMF COFER allocated claims; each currency's share of the quarterly change in total allocated claims
2011-Q3,JPY,2.5579428032020166,Derived from IMF COFER allocated claims; each currency's share of the quarterly change in total allocated claims
2011-Q4,JPY,-1.609292074448812,Derived from IMF COFER allocated claims; each currency's share of the quarterly change in total allocated claims
2012-Q1,JPY,5.765760870089169,Derived from IMF COFER allocated claims; each currency's share of the quarterly change in total allocated claims
2012-Q2,JPY,-1.3318217776307963,Derived from IMF COFER allocated claims; each currency's share of the quarterly change in total allocated claims
2012-Q3,JPY,8.094485013002503,Derived from IMF COFER allocated claims; each currency's share of the quarterly change in total allocated claims
2012-Q4,JPY,-3.620003350459234,Derived from IMF COFER allocated claims; each currency's share of the quarterly change in total allocated claims
2013-Q1,JPY,-1.2555064752067875,Derived from IMF COFER allocated claims; each currency's share of the quarterly change in total allocated claims
2013-Q2,JPY,9.41892480720012,Derived from IMF COFER allocated claims; each currency's share of the quarterly change in total allocated claims
2013-Q3,JPY,1.8447583348284249,Derived from IMF COFER allocated claims; each currency's share of the quarterly change in total allocated claims
2013-Q4,JPY,-2.2902621781773504,Derived from IMF COFER allocated claims; each currency's share of the quarterly change in total allocated claims
2014-Q1,JPY,5.526252166406711,Derived from IMF COFER allocated claims; each currency's share of the quarterly change in total allocated claims
2014-Q2,JPY,3.337367512105717,Derived from IMF COFER allocated claims; each currency's share of the quarterly change in total allocated claims
2015-Q2,JPY,-79.27908347457367,Derived from IMF COFER allocated claims; each currency's share of the quarterly change in total allocated claims
2016-Q1,JPY,-1285.732714628649,Derived from IMF COFER allocated claims; each currency's share of the quarterly change in total allocated claims
2016-Q2,JPY,58.94073823835056,Derived from IMF COFER allocated claims; each currency's share of the quarterly change in total allocated claims
2016-Q3,JPY,17.724323460579743,Derived from IMF COFER allocated claims; each currency's share of the quarterly change in total allocated claims
2017-Q1,JPY,16.207149138432722,Derived from IMF COFER allocated claims; each currency's share of the quarterly change in total allocated claims
2017-Q2,JPY,4.293510843736898,Derived from IMF COFER allocated claims; each currency's share of the quarterly change in total allocated claims
2017-Q3,JPY,-0.9611935569347686,Derived from IMF COFER allocated claims; each currency's share of the quarterly change in total allocated claims
2017-Q4,JPY,15.11823441871773,Derived from IMF COFER allocated claims; each currency's share of the quarterly change in total allocated claims
2018-Q1,JPY,-5.754381970724267,Derived from IMF COFER allocated claims; each currency's share of the quarterly change in total allocated claims
2018-Q4,JPY,11.0417889430521,Derived from IMF COFER allocated claims; each currency's share of the quarterly change in total allocated claims
2019-Q1,JPY,13.1202466561814,Derived from IMF COFER allocated claims; each currency's share of the quarterly change in total allocated claims
2019-Q2,JPY,12.801225346929995,Derived from IMF COFER allocated claims; each currency's share of the quarterly change in total allocated claims
2019-Q4,JPY,6.44915539004667,Derived from IMF COFER allocated claims; each currency's share of the quarterly change in total allocated claims
2020-Q2,JPY,-3.1343482379116763,Derived from IMF COFER allocated claims; each currency's share of the quarterly change in total allocated claims
2020-Q3,JPY,5.322498523196413,Derived from IMF COFER allocated claims; each currency's share of the quarterly change in total allocated claims
2020-Q4,JPY,5.926102914609284,Derived from IMF COFER allocated claims; each currency's share of the quarterly change in total allocated claims
2021-Q2,JPY,-4.962296081484906,Derived from IMF COFER allocated claims; each currency's share of the quarterly change in total allocated claims
2021-Q3,JPY,24.091051758955423,Derived from IMF COFER allocated claims; each currency's share of the quarterly change in total allocated claims
2021-Q4,JPY,-6.884005577889394,Derived from IMF COFER allocated claims; each currency's share of the quarterly change in total allocated claims
2022-Q4,JPY,7.667740958897682,Derived from IMF COFER allocated claims; each currency's share of the quarterly change in total allocated claims
2023-Q1,JPY,-0.6380815991236963,Derived from IMF COFER allocated claims; each currency's share of the quarterly change in total allocated claims
2023-Q2,JPY,25.30215702299649,Derived from IMF COFER allocated claims; each currency's share of the quarterly change in total allocated claims
2023-Q4,JPY,5.407836351537636,Derived from IMF COFER allocated claims; each currency's share of the quarterly change in total allocated claims
2024-Q1,JPY,6.627626557629715,Derived from IMF COFER allocated claims; each currency's share of the quarterly change in total allocated claims
2024-Q3,JPY,4.828646544401156,Derived from IMF COFER allocated claims; each currency's share of the quarterly change in total allocated claims
2025-Q1,JPY,7.257565270629436,Derived from IMF COFER allocated claims; each currency's share of the quarterly change in total allocated claims
2025-Q2,JPY,1.5314436239814808,Derived from IMF COFER allocated claims; each currency's share of the quarterly change in total allocated claims
2025-Q3,JPY,12.838431821920505,Derived from IMF COFER allocated claims; each currency's share of the quarterly change in total allocated claims
2025-Q4,JPY,4.750608364918187,Derived from IMF COFER allocated claims; each currency's share of the quarterly change in total allocated claims
1999-Q2,GBP,2.2720352367380072,Derived from IMF COFER allocated claims; each currency's share of the quarterly change in total allocated claims
1999-Q3,GBP,1.4405680820540592,Derived from IMF COFER allocated claims; each currency's share of the quarterly change in total allocated claims
1999-Q4,GBP,2.5225706945453186,Derived from IMF COFER allocated claims; each currency's share of the quarterly change in total allocated claims
2000-Q1,GBP,3.4044861692619373,Derived from IMF COFER allocated claims; each currency's share of the quarterly change in total allocated claims
2000-Q2,GBP,-9.21354624667328,Derived from IMF COFER allocated claims; each currency's share of the quarterly change in total allocated claims
2000-Q3,GBP,2.875174557187574,Derived from IMF COFER allocated claims; each currency's share of the quarterly change in total allocated claims
2000-Q4,GBP,3.2191333659418064,Derived from IMF COFER allocated claims; each currency's share of the quarterly change in total allocated claims
2001-Q1,GBP,-11.77073066099496,Derived from IMF COFER allocated claims; each currency's share of the quarterly change in total allocated claims
2001-Q2,GBP,-24.981109418617457,Derived from IMF COFER allocated claims; each currency's share of the quarterly change in total allocated claims
2001-Q3,GBP,0.9603858654969047,Derived from IMF COFER allocated claims; each currency's share of the quarterly change in total allocated claims
2001-Q4,GBP,3.4785934859876515,Derived from IMF COFER allocated claims; each currency's share of the quarterly change in total allocated claims
2002-Q1,GBP,7.391163005905767,Derived from IMF COFER allocated claims; each currency's share of the quarterly change in total allocated claims
2002-Q2,GBP,1.3824511504435564,Derived from IMF COFER allocated claims; each currency's share of the quarterly change in total allocated claims
2002-Q3,GBP,6.915422566301046,Derived from IMF COFER allocated claims; each currency's share of the quarterly change in total allocated claims
2002-Q4,GBP,2.835969808930693,Derived from IMF COFER allocated claims; each currency's share of the quarterly change in total allocated claims
2003-Q1,GBP,-0.5233725279846936,Derived from IMF COFER allocated claims; each currency's share of the quarterly change in total allocated claims
2003-Q2,GBP,1.8528506312643638,Derived from IMF COFER allocated claims; each currency's share of the quarterly change in total allocated claims
2003-Q3,GBP,1.6134474666588807,Derived from IMF COFER allocated claims; each currency's share of the quarterly change in total allocated claims
2003-Q4,GBP,4.769470508193275,Derived from IMF COFER allocated claims; each currency's share of the quarterly change in total allocated claims
2004-Q1,GBP,2.749780330936231,Derived from IMF COFER allocated claims; each currency's share of the quarterly change in total allocated claims
2004-Q2,GBP,4.383334551454704,Derived from IMF COFER allocated claims; each currency's share of the quarterly change in total allocated claims
2004-Q3,GBP,6.447717509725158,Derived from IMF COFER allocated claims; each currency's share of the quarterly change in total allocated claims
2004-Q4,GBP,3.7212548093990363,Derived from IMF COFER allocated claims; each currency's share of the quarterly change in total allocated claims
2005-Q1,GBP,3.2825845432410494,Derived from IMF COFER allocated claims; each currency's share of the quarterly change in total allocated claims
2005-Q2,GBP,1.7941243038581083,Derived from IMF COFER allocated claims; each currency's share of the quarterly change in total allocated claims
2005-Q3,GBP,2.2938789383513174,Derived from IMF COFER allocated claims; each currency's share of the quarterly change in total allocated claims
2005-Q4,GBP,3.612043071657367,Derived from IMF COFER allocated claims; each currency's share of the quarterly change in total allocated claims
2006-Q1,GBP,5.59018141358088,Derived from IMF COFER allocated claims; each currency's share of the quarterly change in total allocated claims
2006-Q2,GBP,4.240757470821433,Derived from IMF COFER allocated claims; each currency's share of the quarterly change in total allocated claims
2006-Q3,GBP,2.883086991615812,Derived from IMF COFER allocated claims; each currency's share of the quarterly change in total allocated claims
2006-Q4,GBP,3.2872138792878514,Derived from IMF COFER allocated claims; each currency's share of the quarterly change in total allocated claims
2007-Q1,GBP,1.0117612493166148,Derived from IMF COFER allocated claims; each currency's share of the quarterly change in total allocated claims
2007-Q2,GBP,5.8650139846731415,Derived from IMF COFER allocated claims; each currency's share of the quarterly change in total allocated claims
2007-Q3,GBP,1.4707430305432663,Derived from IMF COFER allocated claims; each currency's share of the quarterly change in total allocated claims
2007-Q4,GBP,5.349732076130451,Derived from IMF COFER allocated claims; each currency's share of the quarterly change in total allocated claims
2008-Q1,GBP,-0.09744679811890675,Derived from IMF COFER allocated claims; each currency's share of the quarterly change in total allocated claims
2008-Q2,GBP,4.351635899546626,Derived from IMF COFER allocated claims; each currency's share of the quarterly change in total allocated claims
2008-Q3,GBP,-7.0996903447158175,Derived from IMF COFER allocated claims; each currency's share of the quarterly change in total allocated claims
2009-Q2,GBP,5.769960045006509,Derived from IMF COFER allocated claims; each currency's share of the quarterly change in total allocated claims
2009-Q3,GBP,3.1072109492198052,Derived from IMF COFER allocated claims; each currency's share of the quarterly change in total allocated claims
2009-Q4,GBP,0.41573523348842056,Derived from IMF COFER allocated claims; each currency's share of the quarterly change in total allocated claims
2010-Q1,GBP,4.704600644585631,Derived from IMF COFER allocated claims; each currency's share of the quarterly change in total allocated claims
2010-Q2,GBP,-2.9674319930351856,Derived from IMF COFER allocated claims; each currency's share of the quarterly change in total allocated claims
2010-Q3,GBP,1.8094130454698227,Derived from IMF COFER allocated claims; each currency's share of the quarterly change in total allocated claims
2010-Q4,GBP,1.7808458198291497,Derived from IMF COFER allocated claims; each currency's share of the quarterly change in total allocated claims
2011-Q1,GBP,2.3869072115486625,Derived from IMF COFER allocated claims; each currency's share of the quarterly change in total allocated claims
2011-Q2,GBP,2.1612913480141094,Derived from IMF COFER allocated claims; each currency's share of the quarterly change in total allocated claims
2011-Q3,GBP,-3.0617843097747497,Derived from IMF COFER allocated claims; each currency's share of the quarterly change in total allocated claims
2011-Q4,GBP,-3.2949429571643623,Derived from IMF COFER allocated claims; each currency's share of the quarterly change in total allocated claims
2012-Q1,GBP,4.837969472189514,Derived from IMF COFER allocated claims; each currency's share of the quarterly change in total allocated claims
2012-Q2,GBP,-3.5225548965109708,Derived from IMF COFER allocated claims; each currency's share of the quarterly change in total allocated claims
2012-Q3,GBP,5.988522936159408,Derived from IMF COFER allocated claims; each currency's share of the quarterly change in total allocated claims
2012-Q4,GBP,-0.27400681298811935,Derived from IMF COFER allocated claims; each currency's share of the quarterly change in total allocated claims
2013-Q1,GBP,-1.1067332979706181,Derived from IMF COFER allocated claims; each currency's share of the quarterly change in total allocated claims
2013-Q2,GBP,-0.9952086856778197,Derived from IMF COFER allocated claims; each currency's share of the quarterly change in total allocated claims
2013-Q3,GBP,3.9558085901126105,Derived from IMF COFER allocated claims; each currency's share of the quarterly change in total allocated claims
2013-Q4,GBP,4.308353448746878,Derived from IMF COFER allocated claims; each currency's share of the quarterly change in total allocated claims
2014-Q1,GBP,0.00910705155734633,Derived from IMF COFER allocated claims; each currency's share of the quarterly change in total allocated claims
2014-Q2,GBP,2.321193886676774,Derived from IMF COFER allocated claims; each currency's share of the quarterly change in total allocated claims
2015-Q2,GBP,101.72295059732825,Derived from IMF COFER allocated claims; each currency's share of the quarterly change in total allocated claims
2016-Q1,GBP,-2871.904440660673,Derived from IMF COFER allocated claims; each currency's share of the quarterly change in total allocated claims
2016-Q2,GBP,-16.936545822732025,Derived from IMF COFER allocated claims; each currency's share of the quarterly change in total allocated claims
2016-Q3,GBP,-35.1215797903554,Derived from IMF COFER allocated claims; each currency's share of the quarterly change in total allocated claims
2017-Q1,GBP,-0.5470127736343199,Derived from IMF COFER allocated claims; each currency's share of the quarterly change in total allocated claims
2017-Q2,GBP,5.287728463143216,Derived from IMF COFER allocated claims; each currency's share of the quarterly change in total allocated claims
2017-Q3,GBP,3.8926512559202417,Derived from IMF COFER allocated claims; each currency's share of the quarterly change in total allocated claims
2017-Q4,GBP,2.515470706435403,Derived from IMF COFER allocated claims; each currency's share of the quarterly change in total allocated claims
2018-Q1,GBP,3.2400525647117764,Derived from IMF COFER allocated claims; each currency's share of the quarterly change in total allocated claims
2018-Q4,GBP,-2.857843241681599,Derived from IMF COFER allocated claims; each currency's share of the quarterly change in total allocated claims
2019-Q1,GBP,4.7461389469146065,Derived from IMF COFER allocated claims; each currency's share of the quarterly change in total allocated claims
2019-Q2,GBP,-0.3272328033818331,Derived from IMF COFER allocated claims; each currency's share of the quarterly change in total allocated claims
2019-Q4,GBP,7.602941004491827,Derived from IMF COFER allocated claims; each currency's share of the quarterly change in total allocated claims
2020-Q2,GBP,3.68833356776197,Derived from IMF COFER allocated claims; each currency's share of the quarterly change in total allocated claims
2020-Q3,GBP,4.254302186618748,Derived from IMF COFER allocated claims; each currency's share of the quarterly change in total allocated claims
2020-Q4,GBP,4.584480728175112,Derived from IMF COFER allocated claims; each currency's share of the quarterly change in total allocated claims
2021-Q2,GBP,2.704399765053963,Derived from IMF COFER allocated claims; each currency's share of the quarterly change in total allocated claims
2021-Q3,GBP,-1.8521090387077217,Derived from IMF COFER allocated claims; each currency's share of the quarterly change in total allocated claims
2021-Q4,GBP,12.227064078710201,Derived from IMF COFER allocated claims; each currency's share of the quarterly change in total allocated claims
2022-Q4,GBP,7.072211836852434,Derived from IMF COFER allocated claims; each currency's share of the quarterly change in total allocated claims
2023-Q1,GBP,-18.5375182018265,Derived from IMF COFER allocated claims; each currency's share of the quarterly change in total allocated claims
2023-Q2,GBP,15.94323258096393,Derived from IMF COFER allocated claims; each currency's share of the quarterly change in total allocated claims
2023-Q4,GBP,1.8708228111995209,Derived from IMF COFER allocated claims; each currency's share of the quarterly change in total allocated claims
2024-Q1,GBP,8.63841871836102,Derived from IMF COFER allocated claims; each currency's share of the quarterly change in total allocated claims
2024-Q3,GBP,3.6013721720352656,Derived from IMF COFER allocated claims; each currency's share of the quarterly change in total allocated claims
2025-Q1,GBP,2.7755790643902953,Derived from IMF COFER allocated claims; each currency's share of the quarterly change in total allocated claims
2025-Q2,GBP,3.8458143930493676,Derived from IMF COFER allocated claims; each currency's share of the quarterly change in total allocated claims
2025-Q3,GBP,-12.091199969750598,Derived from IMF COFER allocated claims; each currency's share of the quarterly change in total allocated claims
2025-Q4,GBP,-3.6094125744793093,Derived from IMF COFER allocated claims; each currency's share of the quarterly change in total allocated claims
