series,economy,year,value,unit,source
container_throughput_teu,Americas,2010,84179473.0,TEU,"UNCTADstat maritime transport tables, retrieved 29 July 2026"
container_throughput_teu,Americas,2011,89668724.0,TEU,"UNCTADstat maritime transport tables, retrieved 29 July 2026"
container_throughput_teu,Americas,2012,93634957.0,TEU,"UNCTADstat maritime transport tables, retrieved 29 July 2026"
container_throughput_teu,Americas,2013,95141372.0,TEU,"UNCTADstat maritime transport tables, retrieved 29 July 2026"
container_throughput_teu,Americas,2014,97449183.0,TEU,"UNCTADstat maritime transport tables, retrieved 29 July 2026"
container_throughput_teu,Americas,2015,100589330.0,TEU,"UNCTADstat maritime transport tables, retrieved 29 July 2026"
container_throughput_teu,Americas,2016,99750000.0,TEU,"UNCTADstat maritime transport tables, retrieved 29 July 2026"
container_throughput_teu,Americas,2017,106839351.0,TEU,"UNCTADstat maritime transport tables, retrieved 29 July 2026"
container_throughput_teu,Americas,2018,113800429.0,TEU,"UNCTADstat maritime transport tables, retrieved 29 July 2026"
container_throughput_teu,Americas,2019,115741830.0,TEU,"UNCTADstat maritime transport tables, retrieved 29 July 2026"
container_throughput_teu,Americas,2020,112773416.0,TEU,"UNCTADstat maritime transport tables, retrieved 29 July 2026"
container_throughput_teu,Americas,2021,127793834.0,TEU,"UNCTADstat maritime transport tables, retrieved 29 July 2026"
container_throughput_teu,Americas,2022,127674455.0,TEU,"UNCTADstat maritime transport tables, retrieved 29 July 2026"
container_throughput_teu,Americas,2023,120291587.0,TEU,"UNCTADstat maritime transport tables, retrieved 29 July 2026"
container_throughput_teu,Americas,2024,131990232.0,TEU,"UNCTADstat maritime transport tables, retrieved 29 July 2026"
container_throughput_teu,Asia,2010,342459718.0,TEU,"UNCTADstat maritime transport tables, retrieved 29 July 2026"
container_throughput_teu,Asia,2011,372762324.0,TEU,"UNCTADstat maritime transport tables, retrieved 29 July 2026"
container_throughput_teu,Asia,2012,395389190.0,TEU,"UNCTADstat maritime transport tables, retrieved 29 July 2026"
container_throughput_teu,Asia,2013,410270787.0,TEU,"UNCTADstat maritime transport tables, retrieved 29 July 2026"
container_throughput_teu,Asia,2014,432434948.0,TEU,"UNCTADstat maritime transport tables, retrieved 29 July 2026"
container_throughput_teu,Asia,2015,440794942.0,TEU,"UNCTADstat maritime transport tables, retrieved 29 July 2026"
container_throughput_teu,Asia,2016,455848888.0,TEU,"UNCTADstat maritime transport tables, retrieved 29 July 2026"
container_throughput_teu,Asia,2017,485537815.0,TEU,"UNCTADstat maritime transport tables, retrieved 29 July 2026"
container_throughput_teu,Asia,2018,508257606.0,TEU,"UNCTADstat maritime transport tables, retrieved 29 July 2026"
container_throughput_teu,Asia,2019,521456151.0,TEU,"UNCTADstat maritime transport tables, retrieved 29 July 2026"
container_throughput_teu,Asia,2020,519279513.0,TEU,"UNCTADstat maritime transport tables, retrieved 29 July 2026"
container_throughput_teu,Asia,2021,551513299.0,TEU,"UNCTADstat maritime transport tables, retrieved 29 July 2026"
container_throughput_teu,Asia,2022,562445602.0,TEU,"UNCTADstat maritime transport tables, retrieved 29 July 2026"
container_throughput_teu,Asia,2023,577200591.0,TEU,"UNCTADstat maritime transport tables, retrieved 29 July 2026"
container_throughput_teu,Asia,2024,613209077.0,TEU,"UNCTADstat maritime transport tables, retrieved 29 July 2026"
container_throughput_teu,China (derived),2010,136044183.0,"TEU, derived","UNCTADstat maritime transport tables, retrieved 29 July 2026"
container_throughput_teu,China (derived),2011,151800937.0,"TEU, derived","UNCTADstat maritime transport tables, retrieved 29 July 2026"
container_throughput_teu,China (derived),2012,165939400.0,"TEU, derived","UNCTADstat maritime transport tables, retrieved 29 July 2026"
container_throughput_teu,China (derived),2013,176607144.0,"TEU, derived","UNCTADstat maritime transport tables, retrieved 29 July 2026"
container_throughput_teu,China (derived),2014,187291913.0,"TEU, derived","UNCTADstat maritime transport tables, retrieved 29 July 2026"
container_throughput_teu,China (derived),2015,195509165.0,"TEU, derived","UNCTADstat maritime transport tables, retrieved 29 July 2026"
container_throughput_teu,China (derived),2016,202830580.0,"TEU, derived","UNCTADstat maritime transport tables, retrieved 29 July 2026"
container_throughput_teu,China (derived),2017,218712874.0,"TEU, derived","UNCTADstat maritime transport tables, retrieved 29 July 2026"
container_throughput_teu,China (derived),2018,229127700.0,"TEU, derived","UNCTADstat maritime transport tables, retrieved 29 July 2026"
container_throughput_teu,China (derived),2019,237570000.0,"TEU, derived","UNCTADstat maritime transport tables, retrieved 29 July 2026"
container_throughput_teu,China (derived),2020,240480000.0,"TEU, derived","UNCTADstat maritime transport tables, retrieved 29 July 2026"
container_throughput_teu,China (derived),2021,256945700.0,"TEU, derived","UNCTADstat maritime transport tables, retrieved 29 July 2026"
container_throughput_teu,China (derived),2022,268790000.0,"TEU, derived","UNCTADstat maritime transport tables, retrieved 29 July 2026"
container_throughput_teu,China (derived),2023,278759834.0,"TEU, derived","UNCTADstat maritime transport tables, retrieved 29 July 2026"
container_throughput_teu,China (derived),2024,299703800.0,"TEU, derived","UNCTADstat maritime transport tables, retrieved 29 July 2026"
container_throughput_teu,Developing economies,2010,363776911.0,TEU,"UNCTADstat maritime transport tables, retrieved 29 July 2026"
container_throughput_teu,Developing economies,2011,398220841.0,TEU,"UNCTADstat maritime transport tables, retrieved 29 July 2026"
container_throughput_teu,Developing economies,2012,422007698.0,TEU,"UNCTADstat maritime transport tables, retrieved 29 July 2026"
container_throughput_teu,Developing economies,2013,437520829.0,TEU,"UNCTADstat maritime transport tables, retrieved 29 July 2026"
container_throughput_teu,Developing economies,2014,460316235.0,TEU,"UNCTADstat maritime transport tables, retrieved 29 July 2026"
container_throughput_teu,Developing economies,2015,469375404.0,TEU,"UNCTADstat maritime transport tables, retrieved 29 July 2026"
container_throughput_teu,Developing economies,2016,480559406.0,TEU,"UNCTADstat maritime transport tables, retrieved 29 July 2026"
container_throughput_teu,Developing economies,2017,512648985.0,TEU,"UNCTADstat maritime transport tables, retrieved 29 July 2026"
container_throughput_teu,Developing economies,2018,538736351.0,TEU,"UNCTADstat maritime transport tables, retrieved 29 July 2026"
container_throughput_teu,Developing economies,2019,554956827.0,TEU,"UNCTADstat maritime transport tables, retrieved 29 July 2026"
container_throughput_teu,Developing economies,2020,553894165.0,TEU,"UNCTADstat maritime transport tables, retrieved 29 July 2026"
container_throughput_teu,Developing economies,2021,592982681.0,TEU,"UNCTADstat maritime transport tables, retrieved 29 July 2026"
container_throughput_teu,Developing economies,2022,604544471.0,TEU,"UNCTADstat maritime transport tables, retrieved 29 July 2026"
container_throughput_teu,Developing economies,2023,621955993.0,TEU,"UNCTADstat maritime transport tables, retrieved 29 July 2026"
container_throughput_teu,Developing economies,2024,666786156.0,TEU,"UNCTADstat maritime transport tables, retrieved 29 July 2026"
container_throughput_teu,Developing excl China,2010,227732728.0,TEU,"UNCTADstat maritime transport tables, retrieved 29 July 2026"
container_throughput_teu,Developing excl China,2011,246419904.0,TEU,"UNCTADstat maritime transport tables, retrieved 29 July 2026"
container_throughput_teu,Developing excl China,2012,256068298.0,TEU,"UNCTADstat maritime transport tables, retrieved 29 July 2026"
container_throughput_teu,Developing excl China,2013,260913685.0,TEU,"UNCTADstat maritime transport tables, retrieved 29 July 2026"
container_throughput_teu,Developing excl China,2014,273024322.0,TEU,"UNCTADstat maritime transport tables, retrieved 29 July 2026"
container_throughput_teu,Developing excl China,2015,273866239.0,TEU,"UNCTADstat maritime transport tables, retrieved 29 July 2026"
container_throughput_teu,Developing excl China,2016,277728826.0,TEU,"UNCTADstat maritime transport tables, retrieved 29 July 2026"
container_throughput_teu,Developing excl China,2017,293936111.0,TEU,"UNCTADstat maritime transport tables, retrieved 29 July 2026"
container_throughput_teu,Developing excl China,2018,309608651.0,TEU,"UNCTADstat maritime transport tables, retrieved 29 July 2026"
container_throughput_teu,Developing excl China,2019,317386827.0,TEU,"UNCTADstat maritime transport tables, retrieved 29 July 2026"
container_throughput_teu,Developing excl China,2020,313414165.0,TEU,"UNCTADstat maritime transport tables, retrieved 29 July 2026"
container_throughput_teu,Developing excl China,2021,336036981.0,TEU,"UNCTADstat maritime transport tables, retrieved 29 July 2026"
container_throughput_teu,Developing excl China,2022,335754471.0,TEU,"UNCTADstat maritime transport tables, retrieved 29 July 2026"
container_throughput_teu,Developing excl China,2023,343196159.0,TEU,"UNCTADstat maritime transport tables, retrieved 29 July 2026"
container_throughput_teu,Developing excl China,2024,367082356.0,TEU,"UNCTADstat maritime transport tables, retrieved 29 July 2026"
container_throughput_teu,Europe,2010,86188340.0,TEU,"UNCTADstat maritime transport tables, retrieved 29 July 2026"
container_throughput_teu,Europe,2011,92985177.0,TEU,"UNCTADstat maritime transport tables, retrieved 29 July 2026"
container_throughput_teu,Europe,2012,95530501.0,TEU,"UNCTADstat maritime transport tables, retrieved 29 July 2026"
container_throughput_teu,Europe,2013,97900889.0,TEU,"UNCTADstat maritime transport tables, retrieved 29 July 2026"
container_throughput_teu,Europe,2014,102356350.0,TEU,"UNCTADstat maritime transport tables, retrieved 29 July 2026"
container_throughput_teu,Europe,2015,100270776.0,TEU,"UNCTADstat maritime transport tables, retrieved 29 July 2026"
container_throughput_teu,Europe,2016,103603073.0,TEU,"UNCTADstat maritime transport tables, retrieved 29 July 2026"
container_throughput_teu,Europe,2017,109645552.0,TEU,"UNCTADstat maritime transport tables, retrieved 29 July 2026"
container_throughput_teu,Europe,2018,114965132.0,TEU,"UNCTADstat maritime transport tables, retrieved 29 July 2026"
container_throughput_teu,Europe,2019,117411892.0,TEU,"UNCTADstat maritime transport tables, retrieved 29 July 2026"
container_throughput_teu,Europe,2020,113551431.0,TEU,"UNCTADstat maritime transport tables, retrieved 29 July 2026"
container_throughput_teu,Europe,2021,120581855.0,TEU,"UNCTADstat maritime transport tables, retrieved 29 July 2026"
container_throughput_teu,Europe,2022,115085050.0,TEU,"UNCTADstat maritime transport tables, retrieved 29 July 2026"
container_throughput_teu,Europe,2023,110444154.0,TEU,"UNCTADstat maritime transport tables, retrieved 29 July 2026"
container_throughput_teu,Europe,2024,117279309.0,TEU,"UNCTADstat maritime transport tables, retrieved 29 July 2026"
container_throughput_teu,World,2010,545520944.0,TEU,"UNCTADstat maritime transport tables, retrieved 29 July 2026"
container_throughput_teu,World,2011,591086757.0,TEU,"UNCTADstat maritime transport tables, retrieved 29 July 2026"
container_throughput_teu,World,2012,620931017.0,TEU,"UNCTADstat maritime transport tables, retrieved 29 July 2026"
container_throughput_teu,World,2013,641216029.0,TEU,"UNCTADstat maritime transport tables, retrieved 29 July 2026"
container_throughput_teu,World,2014,672163860.0,TEU,"UNCTADstat maritime transport tables, retrieved 29 July 2026"
container_throughput_teu,World,2015,682036966.0,TEU,"UNCTADstat maritime transport tables, retrieved 29 July 2026"
container_throughput_teu,World,2016,698356902.0,TEU,"UNCTADstat maritime transport tables, retrieved 29 July 2026"
container_throughput_teu,World,2017,743487518.0,TEU,"UNCTADstat maritime transport tables, retrieved 29 July 2026"
container_throughput_teu,World,2018,781171005.0,TEU,"UNCTADstat maritime transport tables, retrieved 29 July 2026"
container_throughput_teu,World,2019,801358662.0,TEU,"UNCTADstat maritime transport tables, retrieved 29 July 2026"
container_throughput_teu,World,2020,792561372.0,TEU,"UNCTADstat maritime transport tables, retrieved 29 July 2026"
container_throughput_teu,World,2021,849704968.0,TEU,"UNCTADstat maritime transport tables, retrieved 29 July 2026"
container_throughput_teu,World,2022,855154871.0,TEU,"UNCTADstat maritime transport tables, retrieved 29 July 2026"
container_throughput_teu,World,2023,860605228.0,TEU,"UNCTADstat maritime transport tables, retrieved 29 July 2026"
container_throughput_teu,World,2024,920300805.0,TEU,"UNCTADstat maritime transport tables, retrieved 29 July 2026"
lsci,China,2006,737.66,"index, Q1 2023 = 100, annual mean","UNCTADstat maritime transport tables, retrieved 29 July 2026"
lsci,China,2007,794.33,"index, Q1 2023 = 100, annual mean","UNCTADstat maritime transport tables, retrieved 29 July 2026"
lsci,China,2008,828.95,"index, Q1 2023 = 100, annual mean","UNCTADstat maritime transport tables, retrieved 29 July 2026"
lsci,China,2009,791.02,"index, Q1 2023 = 100, annual mean","UNCTADstat maritime transport tables, retrieved 29 July 2026"
lsci,China,2010,845.4,"index, Q1 2023 = 100, annual mean","UNCTADstat maritime transport tables, retrieved 29 July 2026"
lsci,China,2011,909.36,"index, Q1 2023 = 100, annual mean","UNCTADstat maritime transport tables, retrieved 29 July 2026"
lsci,China,2012,892.03,"index, Q1 2023 = 100, annual mean","UNCTADstat maritime transport tables, retrieved 29 July 2026"
lsci,China,2013,890.84,"index, Q1 2023 = 100, annual mean","UNCTADstat maritime transport tables, retrieved 29 July 2026"
lsci,China,2014,883.35,"index, Q1 2023 = 100, annual mean","UNCTADstat maritime transport tables, retrieved 29 July 2026"
lsci,China,2015,915.54,"index, Q1 2023 = 100, annual mean","UNCTADstat maritime transport tables, retrieved 29 July 2026"
lsci,China,2016,914.01,"index, Q1 2023 = 100, annual mean","UNCTADstat maritime transport tables, retrieved 29 July 2026"
lsci,China,2017,929.13,"index, Q1 2023 = 100, annual mean","UNCTADstat maritime transport tables, retrieved 29 July 2026"
lsci,China,2018,985.73,"index, Q1 2023 = 100, annual mean","UNCTADstat maritime transport tables, retrieved 29 July 2026"
lsci,China,2019,999.72,"index, Q1 2023 = 100, annual mean","UNCTADstat maritime transport tables, retrieved 29 July 2026"
lsci,China,2020,1007.07,"index, Q1 2023 = 100, annual mean","UNCTADstat maritime transport tables, retrieved 29 July 2026"
lsci,China,2021,1088.79,"index, Q1 2023 = 100, annual mean","UNCTADstat maritime transport tables, retrieved 29 July 2026"
lsci,China,2022,1144.56,"index, Q1 2023 = 100, annual mean","UNCTADstat maritime transport tables, retrieved 29 July 2026"
lsci,China,2023,1175.35,"index, Q1 2023 = 100, annual mean","UNCTADstat maritime transport tables, retrieved 29 July 2026"
lsci,China,2024,1214.85,"index, Q1 2023 = 100, annual mean","UNCTADstat maritime transport tables, retrieved 29 July 2026"
lsci,China,2025,1294.34,"index, Q1 2023 = 100, annual mean","UNCTADstat maritime transport tables, retrieved 29 July 2026"
lsci,China,2026,1321.05,"index, Q1 2023 = 100, annual mean","UNCTADstat maritime transport tables, retrieved 29 July 2026"
lsci,Japan,2006,519.59,"index, Q1 2023 = 100, annual mean","UNCTADstat maritime transport tables, retrieved 29 July 2026"
lsci,Japan,2007,514.86,"index, Q1 2023 = 100, annual mean","UNCTADstat maritime transport tables, retrieved 29 July 2026"
lsci,Japan,2008,495.94,"index, Q1 2023 = 100, annual mean","UNCTADstat maritime transport tables, retrieved 29 July 2026"
lsci,Japan,2009,463.73,"index, Q1 2023 = 100, annual mean","UNCTADstat maritime transport tables, retrieved 29 July 2026"
lsci,Japan,2010,475.77,"index, Q1 2023 = 100, annual mean","UNCTADstat maritime transport tables, retrieved 29 July 2026"
lsci,Japan,2011,462.82,"index, Q1 2023 = 100, annual mean","UNCTADstat maritime transport tables, retrieved 29 July 2026"
lsci,Japan,2012,439.3,"index, Q1 2023 = 100, annual mean","UNCTADstat maritime transport tables, retrieved 29 July 2026"
lsci,Japan,2013,432.74,"index, Q1 2023 = 100, annual mean","UNCTADstat maritime transport tables, retrieved 29 July 2026"
lsci,Japan,2014,419.73,"index, Q1 2023 = 100, annual mean","UNCTADstat maritime transport tables, retrieved 29 July 2026"
lsci,Japan,2015,429.41,"index, Q1 2023 = 100, annual mean","UNCTADstat maritime transport tables, retrieved 29 July 2026"
lsci,Japan,2016,416.83,"index, Q1 2023 = 100, annual mean","UNCTADstat maritime transport tables, retrieved 29 July 2026"
lsci,Japan,2017,396.68,"index, Q1 2023 = 100, annual mean","UNCTADstat maritime transport tables, retrieved 29 July 2026"
lsci,Japan,2018,400.28,"index, Q1 2023 = 100, annual mean","UNCTADstat maritime transport tables, retrieved 29 July 2026"
lsci,Japan,2019,412.36,"index, Q1 2023 = 100, annual mean","UNCTADstat maritime transport tables, retrieved 29 July 2026"
lsci,Japan,2020,411.32,"index, Q1 2023 = 100, annual mean","UNCTADstat maritime transport tables, retrieved 29 July 2026"
lsci,Japan,2021,394.18,"index, Q1 2023 = 100, annual mean","UNCTADstat maritime transport tables, retrieved 29 July 2026"
lsci,Japan,2022,391.13,"index, Q1 2023 = 100, annual mean","UNCTADstat maritime transport tables, retrieved 29 July 2026"
lsci,Japan,2023,411.33,"index, Q1 2023 = 100, annual mean","UNCTADstat maritime transport tables, retrieved 29 July 2026"
lsci,Japan,2024,418.04,"index, Q1 2023 = 100, annual mean","UNCTADstat maritime transport tables, retrieved 29 July 2026"
lsci,Japan,2025,421.52,"index, Q1 2023 = 100, annual mean","UNCTADstat maritime transport tables, retrieved 29 July 2026"
lsci,Japan,2026,418.81,"index, Q1 2023 = 100, annual mean","UNCTADstat maritime transport tables, retrieved 29 July 2026"
lsci,Singapore,2006,534.56,"index, Q1 2023 = 100, annual mean","UNCTADstat maritime transport tables, retrieved 29 July 2026"
lsci,Singapore,2007,551.88,"index, Q1 2023 = 100, annual mean","UNCTADstat maritime transport tables, retrieved 29 July 2026"
lsci,Singapore,2008,576.74,"index, Q1 2023 = 100, annual mean","UNCTADstat maritime transport tables, retrieved 29 July 2026"
lsci,Singapore,2009,549.14,"index, Q1 2023 = 100, annual mean","UNCTADstat maritime transport tables, retrieved 29 July 2026"
lsci,Singapore,2010,568.11,"index, Q1 2023 = 100, annual mean","UNCTADstat maritime transport tables, retrieved 29 July 2026"
lsci,Singapore,2011,581.04,"index, Q1 2023 = 100, annual mean","UNCTADstat maritime transport tables, retrieved 29 July 2026"
lsci,Singapore,2012,560.56,"index, Q1 2023 = 100, annual mean","UNCTADstat maritime transport tables, retrieved 29 July 2026"
lsci,Singapore,2013,562.2,"index, Q1 2023 = 100, annual mean","UNCTADstat maritime transport tables, retrieved 29 July 2026"
lsci,Singapore,2014,546.14,"index, Q1 2023 = 100, annual mean","UNCTADstat maritime transport tables, retrieved 29 July 2026"
lsci,Singapore,2015,550.26,"index, Q1 2023 = 100, annual mean","UNCTADstat maritime transport tables, retrieved 29 July 2026"
lsci,Singapore,2016,549.1,"index, Q1 2023 = 100, annual mean","UNCTADstat maritime transport tables, retrieved 29 July 2026"
lsci,Singapore,2017,561.36,"index, Q1 2023 = 100, annual mean","UNCTADstat maritime transport tables, retrieved 29 July 2026"
lsci,Singapore,2018,596.1,"index, Q1 2023 = 100, annual mean","UNCTADstat maritime transport tables, retrieved 29 July 2026"
lsci,Singapore,2019,570.76,"index, Q1 2023 = 100, annual mean","UNCTADstat maritime transport tables, retrieved 29 July 2026"
lsci,Singapore,2020,571.09,"index, Q1 2023 = 100, annual mean","UNCTADstat maritime transport tables, retrieved 29 July 2026"
lsci,Singapore,2021,576.37,"index, Q1 2023 = 100, annual mean","UNCTADstat maritime transport tables, retrieved 29 July 2026"
lsci,Singapore,2022,571.1,"index, Q1 2023 = 100, annual mean","UNCTADstat maritime transport tables, retrieved 29 July 2026"
lsci,Singapore,2023,594.52,"index, Q1 2023 = 100, annual mean","UNCTADstat maritime transport tables, retrieved 29 July 2026"
lsci,Singapore,2024,587.25,"index, Q1 2023 = 100, annual mean","UNCTADstat maritime transport tables, retrieved 29 July 2026"
lsci,Singapore,2025,614.07,"index, Q1 2023 = 100, annual mean","UNCTADstat maritime transport tables, retrieved 29 July 2026"
lsci,Singapore,2026,623.65,"index, Q1 2023 = 100, annual mean","UNCTADstat maritime transport tables, retrieved 29 July 2026"
lsci,South Korea,2006,432.64,"index, Q1 2023 = 100, annual mean","UNCTADstat maritime transport tables, retrieved 29 July 2026"
lsci,South Korea,2007,451.95,"index, Q1 2023 = 100, annual mean","UNCTADstat maritime transport tables, retrieved 29 July 2026"
lsci,South Korea,2008,458.49,"index, Q1 2023 = 100, annual mean","UNCTADstat maritime transport tables, retrieved 29 July 2026"
lsci,South Korea,2009,464.78,"index, Q1 2023 = 100, annual mean","UNCTADstat maritime transport tables, retrieved 29 July 2026"
lsci,South Korea,2010,490.56,"index, Q1 2023 = 100, annual mean","UNCTADstat maritime transport tables, retrieved 29 July 2026"
lsci,South Korea,2011,523.15,"index, Q1 2023 = 100, annual mean","UNCTADstat maritime transport tables, retrieved 29 July 2026"
lsci,South Korea,2012,513.5,"index, Q1 2023 = 100, annual mean","UNCTADstat maritime transport tables, retrieved 29 July 2026"
lsci,South Korea,2013,520.94,"index, Q1 2023 = 100, annual mean","UNCTADstat maritime transport tables, retrieved 29 July 2026"
lsci,South Korea,2014,506.73,"index, Q1 2023 = 100, annual mean","UNCTADstat maritime transport tables, retrieved 29 July 2026"
lsci,South Korea,2015,530.03,"index, Q1 2023 = 100, annual mean","UNCTADstat maritime transport tables, retrieved 29 July 2026"
lsci,South Korea,2016,536.43,"index, Q1 2023 = 100, annual mean","UNCTADstat maritime transport tables, retrieved 29 July 2026"
lsci,South Korea,2017,537.51,"index, Q1 2023 = 100, annual mean","UNCTADstat maritime transport tables, retrieved 29 July 2026"
lsci,South Korea,2018,552.52,"index, Q1 2023 = 100, annual mean","UNCTADstat maritime transport tables, retrieved 29 July 2026"
lsci,South Korea,2019,562.32,"index, Q1 2023 = 100, annual mean","UNCTADstat maritime transport tables, retrieved 29 July 2026"
lsci,South Korea,2020,551.84,"index, Q1 2023 = 100, annual mean","UNCTADstat maritime transport tables, retrieved 29 July 2026"
lsci,South Korea,2021,564.41,"index, Q1 2023 = 100, annual mean","UNCTADstat maritime transport tables, retrieved 29 July 2026"
lsci,South Korea,2022,591.19,"index, Q1 2023 = 100, annual mean","UNCTADstat maritime transport tables, retrieved 29 July 2026"
lsci,South Korea,2023,624.99,"index, Q1 2023 = 100, annual mean","UNCTADstat maritime transport tables, retrieved 29 July 2026"
lsci,South Korea,2024,639.83,"index, Q1 2023 = 100, annual mean","UNCTADstat maritime transport tables, retrieved 29 July 2026"
lsci,South Korea,2025,627.57,"index, Q1 2023 = 100, annual mean","UNCTADstat maritime transport tables, retrieved 29 July 2026"
lsci,South Korea,2026,636.43,"index, Q1 2023 = 100, annual mean","UNCTADstat maritime transport tables, retrieved 29 July 2026"
lsci,Taiwan,2006,352.99,"index, Q1 2023 = 100, annual mean","UNCTADstat maritime transport tables, retrieved 29 July 2026"
lsci,Taiwan,2007,335.34,"index, Q1 2023 = 100, annual mean","UNCTADstat maritime transport tables, retrieved 29 July 2026"
lsci,Taiwan,2008,338.49,"index, Q1 2023 = 100, annual mean","UNCTADstat maritime transport tables, retrieved 29 July 2026"
lsci,Taiwan,2009,327.93,"index, Q1 2023 = 100, annual mean","UNCTADstat maritime transport tables, retrieved 29 July 2026"
lsci,Taiwan,2010,333.64,"index, Q1 2023 = 100, annual mean","UNCTADstat maritime transport tables, retrieved 29 July 2026"
lsci,Taiwan,2011,334.64,"index, Q1 2023 = 100, annual mean","UNCTADstat maritime transport tables, retrieved 29 July 2026"
lsci,Taiwan,2012,324.33,"index, Q1 2023 = 100, annual mean","UNCTADstat maritime transport tables, retrieved 29 July 2026"
lsci,Taiwan,2013,323.54,"index, Q1 2023 = 100, annual mean","UNCTADstat maritime transport tables, retrieved 29 July 2026"
lsci,Taiwan,2014,325.35,"index, Q1 2023 = 100, annual mean","UNCTADstat maritime transport tables, retrieved 29 July 2026"
lsci,Taiwan,2015,347.96,"index, Q1 2023 = 100, annual mean","UNCTADstat maritime transport tables, retrieved 29 July 2026"
lsci,Taiwan,2016,342.96,"index, Q1 2023 = 100, annual mean","UNCTADstat maritime transport tables, retrieved 29 July 2026"
lsci,Taiwan,2017,338.77,"index, Q1 2023 = 100, annual mean","UNCTADstat maritime transport tables, retrieved 29 July 2026"
lsci,Taiwan,2018,346.72,"index, Q1 2023 = 100, annual mean","UNCTADstat maritime transport tables, retrieved 29 July 2026"
lsci,Taiwan,2019,365.04,"index, Q1 2023 = 100, annual mean","UNCTADstat maritime transport tables, retrieved 29 July 2026"
lsci,Taiwan,2020,352.03,"index, Q1 2023 = 100, annual mean","UNCTADstat maritime transport tables, retrieved 29 July 2026"
lsci,Taiwan,2021,355.08,"index, Q1 2023 = 100, annual mean","UNCTADstat maritime transport tables, retrieved 29 July 2026"
lsci,Taiwan,2022,344.62,"index, Q1 2023 = 100, annual mean","UNCTADstat maritime transport tables, retrieved 29 July 2026"
lsci,Taiwan,2023,344.28,"index, Q1 2023 = 100, annual mean","UNCTADstat maritime transport tables, retrieved 29 July 2026"
lsci,Taiwan,2024,338.74,"index, Q1 2023 = 100, annual mean","UNCTADstat maritime transport tables, retrieved 29 July 2026"
lsci,Taiwan,2025,331.97,"index, Q1 2023 = 100, annual mean","UNCTADstat maritime transport tables, retrieved 29 July 2026"
lsci,Taiwan,2026,323.7,"index, Q1 2023 = 100, annual mean","UNCTADstat maritime transport tables, retrieved 29 July 2026"
lsci,United States,2006,513.44,"index, Q1 2023 = 100, annual mean","UNCTADstat maritime transport tables, retrieved 29 July 2026"
lsci,United States,2007,493.41,"index, Q1 2023 = 100, annual mean","UNCTADstat maritime transport tables, retrieved 29 July 2026"
lsci,United States,2008,466.27,"index, Q1 2023 = 100, annual mean","UNCTADstat maritime transport tables, retrieved 29 July 2026"
lsci,United States,2009,462.05,"index, Q1 2023 = 100, annual mean","UNCTADstat maritime transport tables, retrieved 29 July 2026"
lsci,United States,2010,466.14,"index, Q1 2023 = 100, annual mean","UNCTADstat maritime transport tables, retrieved 29 July 2026"
lsci,United States,2011,484.32,"index, Q1 2023 = 100, annual mean","UNCTADstat maritime transport tables, retrieved 29 July 2026"
lsci,United States,2012,475.31,"index, Q1 2023 = 100, annual mean","UNCTADstat maritime transport tables, retrieved 29 July 2026"
lsci,United States,2013,489.93,"index, Q1 2023 = 100, annual mean","UNCTADstat maritime transport tables, retrieved 29 July 2026"
lsci,United States,2014,488.15,"index, Q1 2023 = 100, annual mean","UNCTADstat maritime transport tables, retrieved 29 July 2026"
lsci,United States,2015,484.07,"index, Q1 2023 = 100, annual mean","UNCTADstat maritime transport tables, retrieved 29 July 2026"
lsci,United States,2016,475.36,"index, Q1 2023 = 100, annual mean","UNCTADstat maritime transport tables, retrieved 29 July 2026"
lsci,United States,2017,470.0,"index, Q1 2023 = 100, annual mean","UNCTADstat maritime transport tables, retrieved 29 July 2026"
lsci,United States,2018,475.34,"index, Q1 2023 = 100, annual mean","UNCTADstat maritime transport tables, retrieved 29 July 2026"
lsci,United States,2019,480.91,"index, Q1 2023 = 100, annual mean","UNCTADstat maritime transport tables, retrieved 29 July 2026"
lsci,United States,2020,487.26,"index, Q1 2023 = 100, annual mean","UNCTADstat maritime transport tables, retrieved 29 July 2026"
lsci,United States,2021,517.33,"index, Q1 2023 = 100, annual mean","UNCTADstat maritime transport tables, retrieved 29 July 2026"
lsci,United States,2022,532.42,"index, Q1 2023 = 100, annual mean","UNCTADstat maritime transport tables, retrieved 29 July 2026"
lsci,United States,2023,510.18,"index, Q1 2023 = 100, annual mean","UNCTADstat maritime transport tables, retrieved 29 July 2026"
lsci,United States,2024,510.07,"index, Q1 2023 = 100, annual mean","UNCTADstat maritime transport tables, retrieved 29 July 2026"
lsci,United States,2025,521.21,"index, Q1 2023 = 100, annual mean","UNCTADstat maritime transport tables, retrieved 29 July 2026"
lsci,United States,2026,507.32,"index, Q1 2023 = 100, annual mean","UNCTADstat maritime transport tables, retrieved 29 July 2026"
merchant_fleet_kdwt,Americas,1980,78121.0,"thousand dwt, flag of registration","UNCTADstat maritime transport tables, retrieved 29 July 2026"
merchant_fleet_kdwt,Americas,1981,84072.0,"thousand dwt, flag of registration","UNCTADstat maritime transport tables, retrieved 29 July 2026"
merchant_fleet_kdwt,Americas,1982,90486.0,"thousand dwt, flag of registration","UNCTADstat maritime transport tables, retrieved 29 July 2026"
merchant_fleet_kdwt,Americas,1983,101618.0,"thousand dwt, flag of registration","UNCTADstat maritime transport tables, retrieved 29 July 2026"
merchant_fleet_kdwt,Americas,1984,108096.0,"thousand dwt, flag of registration","UNCTADstat maritime transport tables, retrieved 29 July 2026"
merchant_fleet_kdwt,Americas,1985,115840.0,"thousand dwt, flag of registration","UNCTADstat maritime transport tables, retrieved 29 July 2026"
merchant_fleet_kdwt,Americas,1986,119464.0,"thousand dwt, flag of registration","UNCTADstat maritime transport tables, retrieved 29 July 2026"
merchant_fleet_kdwt,Americas,1987,130503.0,"thousand dwt, flag of registration","UNCTADstat maritime transport tables, retrieved 29 July 2026"
merchant_fleet_kdwt,Americas,1988,138214.0,"thousand dwt, flag of registration","UNCTADstat maritime transport tables, retrieved 29 July 2026"
merchant_fleet_kdwt,Americas,1989,142196.0,"thousand dwt, flag of registration","UNCTADstat maritime transport tables, retrieved 29 July 2026"
merchant_fleet_kdwt,Americas,1990,151271.0,"thousand dwt, flag of registration","UNCTADstat maritime transport tables, retrieved 29 July 2026"
merchant_fleet_kdwt,Americas,1991,143613.0,"thousand dwt, flag of registration","UNCTADstat maritime transport tables, retrieved 29 July 2026"
merchant_fleet_kdwt,Americas,1992,165908.0,"thousand dwt, flag of registration","UNCTADstat maritime transport tables, retrieved 29 July 2026"
merchant_fleet_kdwt,Americas,1993,174061.0,"thousand dwt, flag of registration","UNCTADstat maritime transport tables, retrieved 29 July 2026"
merchant_fleet_kdwt,Americas,1994,182940.0,"thousand dwt, flag of registration","UNCTADstat maritime transport tables, retrieved 29 July 2026"
merchant_fleet_kdwt,Americas,1995,189582.0,"thousand dwt, flag of registration","UNCTADstat maritime transport tables, retrieved 29 July 2026"
merchant_fleet_kdwt,Americas,1996,202736.0,"thousand dwt, flag of registration","UNCTADstat maritime transport tables, retrieved 29 July 2026"
merchant_fleet_kdwt,Americas,1997,224402.0,"thousand dwt, flag of registration","UNCTADstat maritime transport tables, retrieved 29 July 2026"
merchant_fleet_kdwt,Americas,1998,246320.0,"thousand dwt, flag of registration","UNCTADstat maritime transport tables, retrieved 29 July 2026"
merchant_fleet_kdwt,Americas,1999,261570.0,"thousand dwt, flag of registration","UNCTADstat maritime transport tables, retrieved 29 July 2026"
merchant_fleet_kdwt,Americas,2000,274918.0,"thousand dwt, flag of registration","UNCTADstat maritime transport tables, retrieved 29 July 2026"
merchant_fleet_kdwt,Americas,2001,292090.0,"thousand dwt, flag of registration","UNCTADstat maritime transport tables, retrieved 29 July 2026"
merchant_fleet_kdwt,Americas,2002,289871.0,"thousand dwt, flag of registration","UNCTADstat maritime transport tables, retrieved 29 July 2026"
merchant_fleet_kdwt,Americas,2003,291261.0,"thousand dwt, flag of registration","UNCTADstat maritime transport tables, retrieved 29 July 2026"
merchant_fleet_kdwt,Americas,2004,291839.0,"thousand dwt, flag of registration","UNCTADstat maritime transport tables, retrieved 29 July 2026"
merchant_fleet_kdwt,Americas,2005,301526.0,"thousand dwt, flag of registration","UNCTADstat maritime transport tables, retrieved 29 July 2026"
merchant_fleet_kdwt,Americas,2006,323177.0,"thousand dwt, flag of registration","UNCTADstat maritime transport tables, retrieved 29 July 2026"
merchant_fleet_kdwt,Americas,2007,352947.0,"thousand dwt, flag of registration","UNCTADstat maritime transport tables, retrieved 29 July 2026"
merchant_fleet_kdwt,Americas,2008,379285.0,"thousand dwt, flag of registration","UNCTADstat maritime transport tables, retrieved 29 July 2026"
merchant_fleet_kdwt,Americas,2009,404314.0,"thousand dwt, flag of registration","UNCTADstat maritime transport tables, retrieved 29 July 2026"
merchant_fleet_kdwt,Americas,2010,421891.0,"thousand dwt, flag of registration","UNCTADstat maritime transport tables, retrieved 29 July 2026"
merchant_fleet_kdwt,Americas,2011,462428.0,"thousand dwt, flag of registration","UNCTADstat maritime transport tables, retrieved 29 July 2026"
merchant_fleet_kdwt,Americas,2012,475701.0,"thousand dwt, flag of registration","UNCTADstat maritime transport tables, retrieved 29 July 2026"
merchant_fleet_kdwt,Americas,2013,489287.0,"thousand dwt, flag of registration","UNCTADstat maritime transport tables, retrieved 29 July 2026"
merchant_fleet_kdwt,Americas,2014,477119.0,"thousand dwt, flag of registration","UNCTADstat maritime transport tables, retrieved 29 July 2026"
merchant_fleet_kdwt,Americas,2015,476127.0,"thousand dwt, flag of registration","UNCTADstat maritime transport tables, retrieved 29 July 2026"
merchant_fleet_kdwt,Americas,2016,477749.0,"thousand dwt, flag of registration","UNCTADstat maritime transport tables, retrieved 29 July 2026"
merchant_fleet_kdwt,Americas,2017,488768.0,"thousand dwt, flag of registration","UNCTADstat maritime transport tables, retrieved 29 July 2026"
merchant_fleet_kdwt,Americas,2018,478861.0,"thousand dwt, flag of registration","UNCTADstat maritime transport tables, retrieved 29 July 2026"
merchant_fleet_kdwt,Americas,2019,475996.0,"thousand dwt, flag of registration","UNCTADstat maritime transport tables, retrieved 29 July 2026"
merchant_fleet_kdwt,Americas,2020,469606.0,"thousand dwt, flag of registration","UNCTADstat maritime transport tables, retrieved 29 July 2026"
merchant_fleet_kdwt,Americas,2021,482979.0,"thousand dwt, flag of registration","UNCTADstat maritime transport tables, retrieved 29 July 2026"
merchant_fleet_kdwt,Americas,2022,487562.0,"thousand dwt, flag of registration","UNCTADstat maritime transport tables, retrieved 29 July 2026"
merchant_fleet_kdwt,Americas,2023,504911.0,"thousand dwt, flag of registration","UNCTADstat maritime transport tables, retrieved 29 July 2026"
merchant_fleet_kdwt,Americas,2024,520956.0,"thousand dwt, flag of registration","UNCTADstat maritime transport tables, retrieved 29 July 2026"
merchant_fleet_kdwt,Americas,2025,537244.0,"thousand dwt, flag of registration","UNCTADstat maritime transport tables, retrieved 29 July 2026"
merchant_fleet_kdwt,Americas,2026,515803.0,"thousand dwt, flag of registration","UNCTADstat maritime transport tables, retrieved 29 July 2026"
merchant_fleet_kdwt,Asia,1980,131468.0,"thousand dwt, flag of registration","UNCTADstat maritime transport tables, retrieved 29 July 2026"
merchant_fleet_kdwt,Asia,1981,135572.0,"thousand dwt, flag of registration","UNCTADstat maritime transport tables, retrieved 29 July 2026"
merchant_fleet_kdwt,Asia,1982,144238.0,"thousand dwt, flag of registration","UNCTADstat maritime transport tables, retrieved 29 July 2026"
merchant_fleet_kdwt,Asia,1983,154365.0,"thousand dwt, flag of registration","UNCTADstat maritime transport tables, retrieved 29 July 2026"
merchant_fleet_kdwt,Asia,1984,164924.0,"thousand dwt, flag of registration","UNCTADstat maritime transport tables, retrieved 29 July 2026"
merchant_fleet_kdwt,Asia,1985,171993.0,"thousand dwt, flag of registration","UNCTADstat maritime transport tables, retrieved 29 July 2026"
merchant_fleet_kdwt,Asia,1986,180488.0,"thousand dwt, flag of registration","UNCTADstat maritime transport tables, retrieved 29 July 2026"
merchant_fleet_kdwt,Asia,1987,188813.0,"thousand dwt, flag of registration","UNCTADstat maritime transport tables, retrieved 29 July 2026"
merchant_fleet_kdwt,Asia,1988,198592.0,"thousand dwt, flag of registration","UNCTADstat maritime transport tables, retrieved 29 July 2026"
merchant_fleet_kdwt,Asia,1989,194544.0,"thousand dwt, flag of registration","UNCTADstat maritime transport tables, retrieved 29 July 2026"
merchant_fleet_kdwt,Asia,1990,190937.0,"thousand dwt, flag of registration","UNCTADstat maritime transport tables, retrieved 29 July 2026"
merchant_fleet_kdwt,Asia,1991,192415.0,"thousand dwt, flag of registration","UNCTADstat maritime transport tables, retrieved 29 July 2026"
merchant_fleet_kdwt,Asia,1992,194099.0,"thousand dwt, flag of registration","UNCTADstat maritime transport tables, retrieved 29 July 2026"
merchant_fleet_kdwt,Asia,1993,197774.0,"thousand dwt, flag of registration","UNCTADstat maritime transport tables, retrieved 29 July 2026"
merchant_fleet_kdwt,Asia,1994,204762.0,"thousand dwt, flag of registration","UNCTADstat maritime transport tables, retrieved 29 July 2026"
merchant_fleet_kdwt,Asia,1995,214875.0,"thousand dwt, flag of registration","UNCTADstat maritime transport tables, retrieved 29 July 2026"
merchant_fleet_kdwt,Asia,1996,217898.0,"thousand dwt, flag of registration","UNCTADstat maritime transport tables, retrieved 29 July 2026"
merchant_fleet_kdwt,Asia,1997,222433.0,"thousand dwt, flag of registration","UNCTADstat maritime transport tables, retrieved 29 July 2026"
merchant_fleet_kdwt,Asia,1998,217908.0,"thousand dwt, flag of registration","UNCTADstat maritime transport tables, retrieved 29 July 2026"
merchant_fleet_kdwt,Asia,1999,215308.0,"thousand dwt, flag of registration","UNCTADstat maritime transport tables, retrieved 29 July 2026"
merchant_fleet_kdwt,Asia,2000,217410.0,"thousand dwt, flag of registration","UNCTADstat maritime transport tables, retrieved 29 July 2026"
merchant_fleet_kdwt,Asia,2001,215774.0,"thousand dwt, flag of registration","UNCTADstat maritime transport tables, retrieved 29 July 2026"
merchant_fleet_kdwt,Asia,2002,215158.0,"thousand dwt, flag of registration","UNCTADstat maritime transport tables, retrieved 29 July 2026"
merchant_fleet_kdwt,Asia,2003,226170.0,"thousand dwt, flag of registration","UNCTADstat maritime transport tables, retrieved 29 July 2026"
merchant_fleet_kdwt,Asia,2004,233504.0,"thousand dwt, flag of registration","UNCTADstat maritime transport tables, retrieved 29 July 2026"
merchant_fleet_kdwt,Asia,2005,254953.0,"thousand dwt, flag of registration","UNCTADstat maritime transport tables, retrieved 29 July 2026"
merchant_fleet_kdwt,Asia,2006,269740.0,"thousand dwt, flag of registration","UNCTADstat maritime transport tables, retrieved 29 July 2026"
merchant_fleet_kdwt,Asia,2007,284920.0,"thousand dwt, flag of registration","UNCTADstat maritime transport tables, retrieved 29 July 2026"
merchant_fleet_kdwt,Asia,2008,299592.0,"thousand dwt, flag of registration","UNCTADstat maritime transport tables, retrieved 29 July 2026"
merchant_fleet_kdwt,Asia,2009,314716.0,"thousand dwt, flag of registration","UNCTADstat maritime transport tables, retrieved 29 July 2026"
merchant_fleet_kdwt,Asia,2010,336595.0,"thousand dwt, flag of registration","UNCTADstat maritime transport tables, retrieved 29 July 2026"
merchant_fleet_kdwt,Asia,2011,372953.0,"thousand dwt, flag of registration","UNCTADstat maritime transport tables, retrieved 29 July 2026"
merchant_fleet_kdwt,Asia,2012,420150.0,"thousand dwt, flag of registration","UNCTADstat maritime transport tables, retrieved 29 July 2026"
merchant_fleet_kdwt,Asia,2013,462186.0,"thousand dwt, flag of registration","UNCTADstat maritime transport tables, retrieved 29 July 2026"
merchant_fleet_kdwt,Asia,2014,505067.0,"thousand dwt, flag of registration","UNCTADstat maritime transport tables, retrieved 29 July 2026"
merchant_fleet_kdwt,Asia,2015,532975.0,"thousand dwt, flag of registration","UNCTADstat maritime transport tables, retrieved 29 July 2026"
merchant_fleet_kdwt,Asia,2016,554290.0,"thousand dwt, flag of registration","UNCTADstat maritime transport tables, retrieved 29 July 2026"
merchant_fleet_kdwt,Asia,2017,569944.0,"thousand dwt, flag of registration","UNCTADstat maritime transport tables, retrieved 29 July 2026"
merchant_fleet_kdwt,Asia,2018,607511.0,"thousand dwt, flag of registration","UNCTADstat maritime transport tables, retrieved 29 July 2026"
merchant_fleet_kdwt,Asia,2019,633431.0,"thousand dwt, flag of registration","UNCTADstat maritime transport tables, retrieved 29 July 2026"
merchant_fleet_kdwt,Asia,2020,676435.0,"thousand dwt, flag of registration","UNCTADstat maritime transport tables, retrieved 29 July 2026"
merchant_fleet_kdwt,Asia,2021,685346.0,"thousand dwt, flag of registration","UNCTADstat maritime transport tables, retrieved 29 July 2026"
merchant_fleet_kdwt,Asia,2022,694133.0,"thousand dwt, flag of registration","UNCTADstat maritime transport tables, retrieved 29 July 2026"
merchant_fleet_kdwt,Asia,2023,707560.0,"thousand dwt, flag of registration","UNCTADstat maritime transport tables, retrieved 29 July 2026"
merchant_fleet_kdwt,Asia,2024,730674.0,"thousand dwt, flag of registration","UNCTADstat maritime transport tables, retrieved 29 July 2026"
merchant_fleet_kdwt,Asia,2025,749894.0,"thousand dwt, flag of registration","UNCTADstat maritime transport tables, retrieved 29 July 2026"
merchant_fleet_kdwt,Asia,2026,772183.0,"thousand dwt, flag of registration","UNCTADstat maritime transport tables, retrieved 29 July 2026"
merchant_fleet_kdwt,China (derived),1980,9509.0,"thousand dwt, flag of registration, derived","UNCTADstat maritime transport tables, retrieved 29 July 2026"
merchant_fleet_kdwt,China (derived),1981,10218.0,"thousand dwt, flag of registration, derived","UNCTADstat maritime transport tables, retrieved 29 July 2026"
merchant_fleet_kdwt,China (derived),1982,11543.0,"thousand dwt, flag of registration, derived","UNCTADstat maritime transport tables, retrieved 29 July 2026"
merchant_fleet_kdwt,China (derived),1983,12188.0,"thousand dwt, flag of registration, derived","UNCTADstat maritime transport tables, retrieved 29 July 2026"
merchant_fleet_kdwt,China (derived),1984,13076.0,"thousand dwt, flag of registration, derived","UNCTADstat maritime transport tables, retrieved 29 July 2026"
merchant_fleet_kdwt,China (derived),1985,13940.0,"thousand dwt, flag of registration, derived","UNCTADstat maritime transport tables, retrieved 29 July 2026"
merchant_fleet_kdwt,China (derived),1986,15918.0,"thousand dwt, flag of registration, derived","UNCTADstat maritime transport tables, retrieved 29 July 2026"
merchant_fleet_kdwt,China (derived),1987,17424.0,"thousand dwt, flag of registration, derived","UNCTADstat maritime transport tables, retrieved 29 July 2026"
merchant_fleet_kdwt,China (derived),1988,18484.0,"thousand dwt, flag of registration, derived","UNCTADstat maritime transport tables, retrieved 29 July 2026"
merchant_fleet_kdwt,China (derived),1989,19360.0,"thousand dwt, flag of registration, derived","UNCTADstat maritime transport tables, retrieved 29 July 2026"
merchant_fleet_kdwt,China (derived),1990,20200.0,"thousand dwt, flag of registration, derived","UNCTADstat maritime transport tables, retrieved 29 July 2026"
merchant_fleet_kdwt,China (derived),1991,20755.0,"thousand dwt, flag of registration, derived","UNCTADstat maritime transport tables, retrieved 29 July 2026"
merchant_fleet_kdwt,China (derived),1992,20428.0,"thousand dwt, flag of registration, derived","UNCTADstat maritime transport tables, retrieved 29 July 2026"
merchant_fleet_kdwt,China (derived),1993,20694.0,"thousand dwt, flag of registration, derived","UNCTADstat maritime transport tables, retrieved 29 July 2026"
merchant_fleet_kdwt,China (derived),1994,22452.0,"thousand dwt, flag of registration, derived","UNCTADstat maritime transport tables, retrieved 29 July 2026"
merchant_fleet_kdwt,China (derived),1995,23357.0,"thousand dwt, flag of registration, derived","UNCTADstat maritime transport tables, retrieved 29 July 2026"
merchant_fleet_kdwt,China (derived),1996,24934.0,"thousand dwt, flag of registration, derived","UNCTADstat maritime transport tables, retrieved 29 July 2026"
merchant_fleet_kdwt,China (derived),1997,24994.0,"thousand dwt, flag of registration, derived","UNCTADstat maritime transport tables, retrieved 29 July 2026"
merchant_fleet_kdwt,China (derived),1998,24085.0,"thousand dwt, flag of registration, derived","UNCTADstat maritime transport tables, retrieved 29 July 2026"
merchant_fleet_kdwt,China (derived),1999,24015.0,"thousand dwt, flag of registration, derived","UNCTADstat maritime transport tables, retrieved 29 July 2026"
merchant_fleet_kdwt,China (derived),2000,23701.0,"thousand dwt, flag of registration, derived","UNCTADstat maritime transport tables, retrieved 29 July 2026"
merchant_fleet_kdwt,China (derived),2001,23808.0,"thousand dwt, flag of registration, derived","UNCTADstat maritime transport tables, retrieved 29 July 2026"
merchant_fleet_kdwt,China (derived),2002,24048.0,"thousand dwt, flag of registration, derived","UNCTADstat maritime transport tables, retrieved 29 July 2026"
merchant_fleet_kdwt,China (derived),2003,25529.0,"thousand dwt, flag of registration, derived","UNCTADstat maritime transport tables, retrieved 29 July 2026"
merchant_fleet_kdwt,China (derived),2004,26825.0,"thousand dwt, flag of registration, derived","UNCTADstat maritime transport tables, retrieved 29 July 2026"
merchant_fleet_kdwt,China (derived),2005,29793.0,"thousand dwt, flag of registration, derived","UNCTADstat maritime transport tables, retrieved 29 July 2026"
merchant_fleet_kdwt,China (derived),2006,32774.0,"thousand dwt, flag of registration, derived","UNCTADstat maritime transport tables, retrieved 29 July 2026"
merchant_fleet_kdwt,China (derived),2007,34781.0,"thousand dwt, flag of registration, derived","UNCTADstat maritime transport tables, retrieved 29 July 2026"
merchant_fleet_kdwt,China (derived),2008,37124.0,"thousand dwt, flag of registration, derived","UNCTADstat maritime transport tables, retrieved 29 July 2026"
merchant_fleet_kdwt,China (derived),2009,39998.0,"thousand dwt, flag of registration, derived","UNCTADstat maritime transport tables, retrieved 29 July 2026"
merchant_fleet_kdwt,China (derived),2010,45158.0,"thousand dwt, flag of registration, derived","UNCTADstat maritime transport tables, retrieved 29 July 2026"
merchant_fleet_kdwt,China (derived),2011,56723.0,"thousand dwt, flag of registration, derived","UNCTADstat maritime transport tables, retrieved 29 July 2026"
merchant_fleet_kdwt,China (derived),2012,62736.0,"thousand dwt, flag of registration, derived","UNCTADstat maritime transport tables, retrieved 29 July 2026"
merchant_fleet_kdwt,China (derived),2013,72450.0,"thousand dwt, flag of registration, derived","UNCTADstat maritime transport tables, retrieved 29 July 2026"
merchant_fleet_kdwt,China (derived),2014,78783.0,"thousand dwt, flag of registration, derived","UNCTADstat maritime transport tables, retrieved 29 July 2026"
merchant_fleet_kdwt,China (derived),2015,78363.0,"thousand dwt, flag of registration, derived","UNCTADstat maritime transport tables, retrieved 29 July 2026"
merchant_fleet_kdwt,China (derived),2016,76783.0,"thousand dwt, flag of registration, derived","UNCTADstat maritime transport tables, retrieved 29 July 2026"
merchant_fleet_kdwt,China (derived),2017,79522.0,"thousand dwt, flag of registration, derived","UNCTADstat maritime transport tables, retrieved 29 July 2026"
merchant_fleet_kdwt,China (derived),2018,90609.0,"thousand dwt, flag of registration, derived","UNCTADstat maritime transport tables, retrieved 29 July 2026"
merchant_fleet_kdwt,China (derived),2019,99025.0,"thousand dwt, flag of registration, derived","UNCTADstat maritime transport tables, retrieved 29 July 2026"
merchant_fleet_kdwt,China (derived),2020,103322.0,"thousand dwt, flag of registration, derived","UNCTADstat maritime transport tables, retrieved 29 July 2026"
merchant_fleet_kdwt,China (derived),2021,110961.0,"thousand dwt, flag of registration, derived","UNCTADstat maritime transport tables, retrieved 29 July 2026"
merchant_fleet_kdwt,China (derived),2022,120534.0,"thousand dwt, flag of registration, derived","UNCTADstat maritime transport tables, retrieved 29 July 2026"
merchant_fleet_kdwt,China (derived),2023,133185.0,"thousand dwt, flag of registration, derived","UNCTADstat maritime transport tables, retrieved 29 July 2026"
merchant_fleet_kdwt,China (derived),2024,143132.0,"thousand dwt, flag of registration, derived","UNCTADstat maritime transport tables, retrieved 29 July 2026"
merchant_fleet_kdwt,China (derived),2025,139851.0,"thousand dwt, flag of registration, derived","UNCTADstat maritime transport tables, retrieved 29 July 2026"
merchant_fleet_kdwt,China (derived),2026,142003.0,"thousand dwt, flag of registration, derived","UNCTADstat maritime transport tables, retrieved 29 July 2026"
merchant_fleet_kdwt,Developing economies,1980,276280.0,"thousand dwt, flag of registration","UNCTADstat maritime transport tables, retrieved 29 July 2026"
merchant_fleet_kdwt,Developing economies,1981,281895.0,"thousand dwt, flag of registration","UNCTADstat maritime transport tables, retrieved 29 July 2026"
merchant_fleet_kdwt,Developing economies,1982,286639.0,"thousand dwt, flag of registration","UNCTADstat maritime transport tables, retrieved 29 July 2026"
merchant_fleet_kdwt,Developing economies,1983,296935.0,"thousand dwt, flag of registration","UNCTADstat maritime transport tables, retrieved 29 July 2026"
merchant_fleet_kdwt,Developing economies,1984,305079.0,"thousand dwt, flag of registration","UNCTADstat maritime transport tables, retrieved 29 July 2026"
merchant_fleet_kdwt,Developing economies,1985,303999.0,"thousand dwt, flag of registration","UNCTADstat maritime transport tables, retrieved 29 July 2026"
merchant_fleet_kdwt,Developing economies,1986,306661.0,"thousand dwt, flag of registration","UNCTADstat maritime transport tables, retrieved 29 July 2026"
merchant_fleet_kdwt,Developing economies,1987,312709.0,"thousand dwt, flag of registration","UNCTADstat maritime transport tables, retrieved 29 July 2026"
merchant_fleet_kdwt,Developing economies,1988,322504.0,"thousand dwt, flag of registration","UNCTADstat maritime transport tables, retrieved 29 July 2026"
merchant_fleet_kdwt,Developing economies,1989,316120.0,"thousand dwt, flag of registration","UNCTADstat maritime transport tables, retrieved 29 July 2026"
merchant_fleet_kdwt,Developing economies,1990,321849.0,"thousand dwt, flag of registration","UNCTADstat maritime transport tables, retrieved 29 July 2026"
merchant_fleet_kdwt,Developing economies,1991,326000.0,"thousand dwt, flag of registration","UNCTADstat maritime transport tables, retrieved 29 July 2026"
merchant_fleet_kdwt,Developing economies,1992,347818.0,"thousand dwt, flag of registration","UNCTADstat maritime transport tables, retrieved 29 July 2026"
merchant_fleet_kdwt,Developing economies,1993,365351.0,"thousand dwt, flag of registration","UNCTADstat maritime transport tables, retrieved 29 July 2026"
merchant_fleet_kdwt,Developing economies,1994,374839.0,"thousand dwt, flag of registration","UNCTADstat maritime transport tables, retrieved 29 July 2026"
merchant_fleet_kdwt,Developing economies,1995,399865.0,"thousand dwt, flag of registration","UNCTADstat maritime transport tables, retrieved 29 July 2026"
merchant_fleet_kdwt,Developing economies,1996,420807.0,"thousand dwt, flag of registration","UNCTADstat maritime transport tables, retrieved 29 July 2026"
merchant_fleet_kdwt,Developing economies,1997,447680.0,"thousand dwt, flag of registration","UNCTADstat maritime transport tables, retrieved 29 July 2026"
merchant_fleet_kdwt,Developing economies,1998,463102.0,"thousand dwt, flag of registration","UNCTADstat maritime transport tables, retrieved 29 July 2026"
merchant_fleet_kdwt,Developing economies,1999,479414.0,"thousand dwt, flag of registration","UNCTADstat maritime transport tables, retrieved 29 July 2026"
merchant_fleet_kdwt,Developing economies,2000,479770.0,"thousand dwt, flag of registration","UNCTADstat maritime transport tables, retrieved 29 July 2026"
merchant_fleet_kdwt,Developing economies,2001,491244.0,"thousand dwt, flag of registration","UNCTADstat maritime transport tables, retrieved 29 July 2026"
merchant_fleet_kdwt,Developing economies,2002,528237.0,"thousand dwt, flag of registration","UNCTADstat maritime transport tables, retrieved 29 July 2026"
merchant_fleet_kdwt,Developing economies,2003,543625.0,"thousand dwt, flag of registration","UNCTADstat maritime transport tables, retrieved 29 July 2026"
merchant_fleet_kdwt,Developing economies,2004,562232.0,"thousand dwt, flag of registration","UNCTADstat maritime transport tables, retrieved 29 July 2026"
merchant_fleet_kdwt,Developing economies,2005,605887.0,"thousand dwt, flag of registration","UNCTADstat maritime transport tables, retrieved 29 July 2026"
merchant_fleet_kdwt,Developing economies,2006,659079.0,"thousand dwt, flag of registration","UNCTADstat maritime transport tables, retrieved 29 July 2026"
merchant_fleet_kdwt,Developing economies,2007,719118.0,"thousand dwt, flag of registration","UNCTADstat maritime transport tables, retrieved 29 July 2026"
merchant_fleet_kdwt,Developing economies,2008,775299.0,"thousand dwt, flag of registration","UNCTADstat maritime transport tables, retrieved 29 July 2026"
merchant_fleet_kdwt,Developing economies,2009,829937.0,"thousand dwt, flag of registration","UNCTADstat maritime transport tables, retrieved 29 July 2026"
merchant_fleet_kdwt,Developing economies,2010,896062.0,"thousand dwt, flag of registration","UNCTADstat maritime transport tables, retrieved 29 July 2026"
merchant_fleet_kdwt,Developing economies,2011,1044923.0,"thousand dwt, flag of registration","UNCTADstat maritime transport tables, retrieved 29 July 2026"
merchant_fleet_kdwt,Developing economies,2012,1125945.0,"thousand dwt, flag of registration","UNCTADstat maritime transport tables, retrieved 29 July 2026"
merchant_fleet_kdwt,Developing economies,2013,1223805.0,"thousand dwt, flag of registration","UNCTADstat maritime transport tables, retrieved 29 July 2026"
merchant_fleet_kdwt,Developing economies,2014,1266839.0,"thousand dwt, flag of registration","UNCTADstat maritime transport tables, retrieved 29 July 2026"
merchant_fleet_kdwt,Developing economies,2015,1316582.0,"thousand dwt, flag of registration","UNCTADstat maritime transport tables, retrieved 29 July 2026"
merchant_fleet_kdwt,Developing economies,2016,1366938.0,"thousand dwt, flag of registration","UNCTADstat maritime transport tables, retrieved 29 July 2026"
merchant_fleet_kdwt,Developing economies,2017,1408892.0,"thousand dwt, flag of registration","UNCTADstat maritime transport tables, retrieved 29 July 2026"
merchant_fleet_kdwt,Developing economies,2018,1462274.0,"thousand dwt, flag of registration","UNCTADstat maritime transport tables, retrieved 29 July 2026"
merchant_fleet_kdwt,Developing economies,2019,1512962.0,"thousand dwt, flag of registration","UNCTADstat maritime transport tables, retrieved 29 July 2026"
merchant_fleet_kdwt,Developing economies,2020,1596871.0,"thousand dwt, flag of registration","UNCTADstat maritime transport tables, retrieved 29 July 2026"
merchant_fleet_kdwt,Developing economies,2021,1665508.0,"thousand dwt, flag of registration","UNCTADstat maritime transport tables, retrieved 29 July 2026"
merchant_fleet_kdwt,Developing economies,2022,1736085.0,"thousand dwt, flag of registration","UNCTADstat maritime transport tables, retrieved 29 July 2026"
merchant_fleet_kdwt,Developing economies,2023,1820971.0,"thousand dwt, flag of registration","UNCTADstat maritime transport tables, retrieved 29 July 2026"
merchant_fleet_kdwt,Developing economies,2024,1906784.0,"thousand dwt, flag of registration","UNCTADstat maritime transport tables, retrieved 29 July 2026"
merchant_fleet_kdwt,Developing economies,2025,1959492.0,"thousand dwt, flag of registration","UNCTADstat maritime transport tables, retrieved 29 July 2026"
merchant_fleet_kdwt,Developing economies,2026,2015738.0,"thousand dwt, flag of registration","UNCTADstat maritime transport tables, retrieved 29 July 2026"
merchant_fleet_kdwt,Developing excl China,1980,266771.0,"thousand dwt, flag of registration","UNCTADstat maritime transport tables, retrieved 29 July 2026"
merchant_fleet_kdwt,Developing excl China,1981,271677.0,"thousand dwt, flag of registration","UNCTADstat maritime transport tables, retrieved 29 July 2026"
merchant_fleet_kdwt,Developing excl China,1982,275096.0,"thousand dwt, flag of registration","UNCTADstat maritime transport tables, retrieved 29 July 2026"
merchant_fleet_kdwt,Developing excl China,1983,284747.0,"thousand dwt, flag of registration","UNCTADstat maritime transport tables, retrieved 29 July 2026"
merchant_fleet_kdwt,Developing excl China,1984,292003.0,"thousand dwt, flag of registration","UNCTADstat maritime transport tables, retrieved 29 July 2026"
merchant_fleet_kdwt,Developing excl China,1985,290059.0,"thousand dwt, flag of registration","UNCTADstat maritime transport tables, retrieved 29 July 2026"
merchant_fleet_kdwt,Developing excl China,1986,290743.0,"thousand dwt, flag of registration","UNCTADstat maritime transport tables, retrieved 29 July 2026"
merchant_fleet_kdwt,Developing excl China,1987,295285.0,"thousand dwt, flag of registration","UNCTADstat maritime transport tables, retrieved 29 July 2026"
merchant_fleet_kdwt,Developing excl China,1988,304020.0,"thousand dwt, flag of registration","UNCTADstat maritime transport tables, retrieved 29 July 2026"
merchant_fleet_kdwt,Developing excl China,1989,296760.0,"thousand dwt, flag of registration","UNCTADstat maritime transport tables, retrieved 29 July 2026"
merchant_fleet_kdwt,Developing excl China,1990,301649.0,"thousand dwt, flag of registration","UNCTADstat maritime transport tables, retrieved 29 July 2026"
merchant_fleet_kdwt,Developing excl China,1991,305245.0,"thousand dwt, flag of registration","UNCTADstat maritime transport tables, retrieved 29 July 2026"
merchant_fleet_kdwt,Developing excl China,1992,327390.0,"thousand dwt, flag of registration","UNCTADstat maritime transport tables, retrieved 29 July 2026"
merchant_fleet_kdwt,Developing excl China,1993,344657.0,"thousand dwt, flag of registration","UNCTADstat maritime transport tables, retrieved 29 July 2026"
merchant_fleet_kdwt,Developing excl China,1994,352387.0,"thousand dwt, flag of registration","UNCTADstat maritime transport tables, retrieved 29 July 2026"
merchant_fleet_kdwt,Developing excl China,1995,376508.0,"thousand dwt, flag of registration","UNCTADstat maritime transport tables, retrieved 29 July 2026"
merchant_fleet_kdwt,Developing excl China,1996,395873.0,"thousand dwt, flag of registration","UNCTADstat maritime transport tables, retrieved 29 July 2026"
merchant_fleet_kdwt,Developing excl China,1997,422686.0,"thousand dwt, flag of registration","UNCTADstat maritime transport tables, retrieved 29 July 2026"
merchant_fleet_kdwt,Developing excl China,1998,439017.0,"thousand dwt, flag of registration","UNCTADstat maritime transport tables, retrieved 29 July 2026"
merchant_fleet_kdwt,Developing excl China,1999,455399.0,"thousand dwt, flag of registration","UNCTADstat maritime transport tables, retrieved 29 July 2026"
merchant_fleet_kdwt,Developing excl China,2000,456069.0,"thousand dwt, flag of registration","UNCTADstat maritime transport tables, retrieved 29 July 2026"
merchant_fleet_kdwt,Developing excl China,2001,467436.0,"thousand dwt, flag of registration","UNCTADstat maritime transport tables, retrieved 29 July 2026"
merchant_fleet_kdwt,Developing excl China,2002,504189.0,"thousand dwt, flag of registration","UNCTADstat maritime transport tables, retrieved 29 July 2026"
merchant_fleet_kdwt,Developing excl China,2003,518096.0,"thousand dwt, flag of registration","UNCTADstat maritime transport tables, retrieved 29 July 2026"
merchant_fleet_kdwt,Developing excl China,2004,535407.0,"thousand dwt, flag of registration","UNCTADstat maritime transport tables, retrieved 29 July 2026"
merchant_fleet_kdwt,Developing excl China,2005,576094.0,"thousand dwt, flag of registration","UNCTADstat maritime transport tables, retrieved 29 July 2026"
merchant_fleet_kdwt,Developing excl China,2006,626305.0,"thousand dwt, flag of registration","UNCTADstat maritime transport tables, retrieved 29 July 2026"
merchant_fleet_kdwt,Developing excl China,2007,684337.0,"thousand dwt, flag of registration","UNCTADstat maritime transport tables, retrieved 29 July 2026"
merchant_fleet_kdwt,Developing excl China,2008,738175.0,"thousand dwt, flag of registration","UNCTADstat maritime transport tables, retrieved 29 July 2026"
merchant_fleet_kdwt,Developing excl China,2009,789939.0,"thousand dwt, flag of registration","UNCTADstat maritime transport tables, retrieved 29 July 2026"
merchant_fleet_kdwt,Developing excl China,2010,850904.0,"thousand dwt, flag of registration","UNCTADstat maritime transport tables, retrieved 29 July 2026"
merchant_fleet_kdwt,Developing excl China,2011,988200.0,"thousand dwt, flag of registration","UNCTADstat maritime transport tables, retrieved 29 July 2026"
merchant_fleet_kdwt,Developing excl China,2012,1063209.0,"thousand dwt, flag of registration","UNCTADstat maritime transport tables, retrieved 29 July 2026"
merchant_fleet_kdwt,Developing excl China,2013,1151355.0,"thousand dwt, flag of registration","UNCTADstat maritime transport tables, retrieved 29 July 2026"
merchant_fleet_kdwt,Developing excl China,2014,1188056.0,"thousand dwt, flag of registration","UNCTADstat maritime transport tables, retrieved 29 July 2026"
merchant_fleet_kdwt,Developing excl China,2015,1238219.0,"thousand dwt, flag of registration","UNCTADstat maritime transport tables, retrieved 29 July 2026"
merchant_fleet_kdwt,Developing excl China,2016,1290155.0,"thousand dwt, flag of registration","UNCTADstat maritime transport tables, retrieved 29 July 2026"
merchant_fleet_kdwt,Developing excl China,2017,1329370.0,"thousand dwt, flag of registration","UNCTADstat maritime transport tables, retrieved 29 July 2026"
merchant_fleet_kdwt,Developing excl China,2018,1371665.0,"thousand dwt, flag of registration","UNCTADstat maritime transport tables, retrieved 29 July 2026"
merchant_fleet_kdwt,Developing excl China,2019,1413937.0,"thousand dwt, flag of registration","UNCTADstat maritime transport tables, retrieved 29 July 2026"
merchant_fleet_kdwt,Developing excl China,2020,1493549.0,"thousand dwt, flag of registration","UNCTADstat maritime transport tables, retrieved 29 July 2026"
merchant_fleet_kdwt,Developing excl China,2021,1554547.0,"thousand dwt, flag of registration","UNCTADstat maritime transport tables, retrieved 29 July 2026"
merchant_fleet_kdwt,Developing excl China,2022,1615551.0,"thousand dwt, flag of registration","UNCTADstat maritime transport tables, retrieved 29 July 2026"
merchant_fleet_kdwt,Developing excl China,2023,1687786.0,"thousand dwt, flag of registration","UNCTADstat maritime transport tables, retrieved 29 July 2026"
merchant_fleet_kdwt,Developing excl China,2024,1763652.0,"thousand dwt, flag of registration","UNCTADstat maritime transport tables, retrieved 29 July 2026"
merchant_fleet_kdwt,Developing excl China,2025,1819641.0,"thousand dwt, flag of registration","UNCTADstat maritime transport tables, retrieved 29 July 2026"
merchant_fleet_kdwt,Developing excl China,2026,1873735.0,"thousand dwt, flag of registration","UNCTADstat maritime transport tables, retrieved 29 July 2026"
merchant_fleet_kdwt,Europe,1980,291763.0,"thousand dwt, flag of registration","UNCTADstat maritime transport tables, retrieved 29 July 2026"
merchant_fleet_kdwt,Europe,1981,291277.0,"thousand dwt, flag of registration","UNCTADstat maritime transport tables, retrieved 29 July 2026"
merchant_fleet_kdwt,Europe,1982,292544.0,"thousand dwt, flag of registration","UNCTADstat maritime transport tables, retrieved 29 July 2026"
merchant_fleet_kdwt,Europe,1983,283366.0,"thousand dwt, flag of registration","UNCTADstat maritime transport tables, retrieved 29 July 2026"
merchant_fleet_kdwt,Europe,1984,263246.0,"thousand dwt, flag of registration","UNCTADstat maritime transport tables, retrieved 29 July 2026"
merchant_fleet_kdwt,Europe,1985,246421.0,"thousand dwt, flag of registration","UNCTADstat maritime transport tables, retrieved 29 July 2026"
merchant_fleet_kdwt,Europe,1986,228425.0,"thousand dwt, flag of registration","UNCTADstat maritime transport tables, retrieved 29 July 2026"
merchant_fleet_kdwt,Europe,1987,198663.0,"thousand dwt, flag of registration","UNCTADstat maritime transport tables, retrieved 29 July 2026"
merchant_fleet_kdwt,Europe,1988,177083.0,"thousand dwt, flag of registration","UNCTADstat maritime transport tables, retrieved 29 July 2026"
merchant_fleet_kdwt,Europe,1989,176135.0,"thousand dwt, flag of registration","UNCTADstat maritime transport tables, retrieved 29 July 2026"
merchant_fleet_kdwt,Europe,1990,184809.0,"thousand dwt, flag of registration","UNCTADstat maritime transport tables, retrieved 29 July 2026"
merchant_fleet_kdwt,Europe,1991,200831.0,"thousand dwt, flag of registration","UNCTADstat maritime transport tables, retrieved 29 July 2026"
merchant_fleet_kdwt,Europe,1992,204650.0,"thousand dwt, flag of registration","UNCTADstat maritime transport tables, retrieved 29 July 2026"
merchant_fleet_kdwt,Europe,1993,198817.0,"thousand dwt, flag of registration","UNCTADstat maritime transport tables, retrieved 29 July 2026"
merchant_fleet_kdwt,Europe,1994,204360.0,"thousand dwt, flag of registration","UNCTADstat maritime transport tables, retrieved 29 July 2026"
merchant_fleet_kdwt,Europe,1995,204575.0,"thousand dwt, flag of registration","UNCTADstat maritime transport tables, retrieved 29 July 2026"
merchant_fleet_kdwt,Europe,1996,199555.0,"thousand dwt, flag of registration","UNCTADstat maritime transport tables, retrieved 29 July 2026"
merchant_fleet_kdwt,Europe,1997,196467.0,"thousand dwt, flag of registration","UNCTADstat maritime transport tables, retrieved 29 July 2026"
merchant_fleet_kdwt,Europe,1998,197293.0,"thousand dwt, flag of registration","UNCTADstat maritime transport tables, retrieved 29 July 2026"
merchant_fleet_kdwt,Europe,1999,198471.0,"thousand dwt, flag of registration","UNCTADstat maritime transport tables, retrieved 29 July 2026"
merchant_fleet_kdwt,Europe,2000,204939.0,"thousand dwt, flag of registration","UNCTADstat maritime transport tables, retrieved 29 July 2026"
merchant_fleet_kdwt,Europe,2001,204387.0,"thousand dwt, flag of registration","UNCTADstat maritime transport tables, retrieved 29 July 2026"
merchant_fleet_kdwt,Europe,2002,206002.0,"thousand dwt, flag of registration","UNCTADstat maritime transport tables, retrieved 29 July 2026"
merchant_fleet_kdwt,Europe,2003,211201.0,"thousand dwt, flag of registration","UNCTADstat maritime transport tables, retrieved 29 July 2026"
merchant_fleet_kdwt,Europe,2004,214533.0,"thousand dwt, flag of registration","UNCTADstat maritime transport tables, retrieved 29 July 2026"
merchant_fleet_kdwt,Europe,2005,214503.0,"thousand dwt, flag of registration","UNCTADstat maritime transport tables, retrieved 29 July 2026"
merchant_fleet_kdwt,Europe,2006,219414.0,"thousand dwt, flag of registration","UNCTADstat maritime transport tables, retrieved 29 July 2026"
merchant_fleet_kdwt,Europe,2007,228592.0,"thousand dwt, flag of registration","UNCTADstat maritime transport tables, retrieved 29 July 2026"
merchant_fleet_kdwt,Europe,2008,243489.0,"thousand dwt, flag of registration","UNCTADstat maritime transport tables, retrieved 29 July 2026"
merchant_fleet_kdwt,Europe,2009,259640.0,"thousand dwt, flag of registration","UNCTADstat maritime transport tables, retrieved 29 July 2026"
merchant_fleet_kdwt,Europe,2010,275349.0,"thousand dwt, flag of registration","UNCTADstat maritime transport tables, retrieved 29 July 2026"
merchant_fleet_kdwt,Europe,2011,271485.0,"thousand dwt, flag of registration","UNCTADstat maritime transport tables, retrieved 29 July 2026"
merchant_fleet_kdwt,Europe,2012,305086.0,"thousand dwt, flag of registration","UNCTADstat maritime transport tables, retrieved 29 July 2026"
merchant_fleet_kdwt,Europe,2013,305194.0,"thousand dwt, flag of registration","UNCTADstat maritime transport tables, retrieved 29 July 2026"
merchant_fleet_kdwt,Europe,2014,315205.0,"thousand dwt, flag of registration","UNCTADstat maritime transport tables, retrieved 29 July 2026"
merchant_fleet_kdwt,Europe,2015,321220.0,"thousand dwt, flag of registration","UNCTADstat maritime transport tables, retrieved 29 July 2026"
merchant_fleet_kdwt,Europe,2016,328626.0,"thousand dwt, flag of registration","UNCTADstat maritime transport tables, retrieved 29 July 2026"
merchant_fleet_kdwt,Europe,2017,341993.0,"thousand dwt, flag of registration","UNCTADstat maritime transport tables, retrieved 29 July 2026"
merchant_fleet_kdwt,Europe,2018,356816.0,"thousand dwt, flag of registration","UNCTADstat maritime transport tables, retrieved 29 July 2026"
merchant_fleet_kdwt,Europe,2019,359131.0,"thousand dwt, flag of registration","UNCTADstat maritime transport tables, retrieved 29 July 2026"
merchant_fleet_kdwt,Europe,2020,355850.0,"thousand dwt, flag of registration","UNCTADstat maritime transport tables, retrieved 29 July 2026"
merchant_fleet_kdwt,Europe,2021,352920.0,"thousand dwt, flag of registration","UNCTADstat maritime transport tables, retrieved 29 July 2026"
merchant_fleet_kdwt,Europe,2022,348033.0,"thousand dwt, flag of registration","UNCTADstat maritime transport tables, retrieved 29 July 2026"
merchant_fleet_kdwt,Europe,2023,336968.0,"thousand dwt, flag of registration","UNCTADstat maritime transport tables, retrieved 29 July 2026"
merchant_fleet_kdwt,Europe,2024,328108.0,"thousand dwt, flag of registration","UNCTADstat maritime transport tables, retrieved 29 July 2026"
merchant_fleet_kdwt,Europe,2025,346189.0,"thousand dwt, flag of registration","UNCTADstat maritime transport tables, retrieved 29 July 2026"
merchant_fleet_kdwt,Europe,2026,358712.0,"thousand dwt, flag of registration","UNCTADstat maritime transport tables, retrieved 29 July 2026"
merchant_fleet_kdwt,World,1980,672192.0,"thousand dwt, flag of registration","UNCTADstat maritime transport tables, retrieved 29 July 2026"
merchant_fleet_kdwt,World,1981,679755.0,"thousand dwt, flag of registration","UNCTADstat maritime transport tables, retrieved 29 July 2026"
merchant_fleet_kdwt,World,1982,686055.0,"thousand dwt, flag of registration","UNCTADstat maritime transport tables, retrieved 29 July 2026"
merchant_fleet_kdwt,World,1983,690098.0,"thousand dwt, flag of registration","UNCTADstat maritime transport tables, retrieved 29 July 2026"
merchant_fleet_kdwt,World,1984,681565.0,"thousand dwt, flag of registration","UNCTADstat maritime transport tables, retrieved 29 July 2026"
merchant_fleet_kdwt,World,1985,668145.0,"thousand dwt, flag of registration","UNCTADstat maritime transport tables, retrieved 29 July 2026"
merchant_fleet_kdwt,World,1986,654332.0,"thousand dwt, flag of registration","UNCTADstat maritime transport tables, retrieved 29 July 2026"
merchant_fleet_kdwt,World,1987,632238.0,"thousand dwt, flag of registration","UNCTADstat maritime transport tables, retrieved 29 July 2026"
merchant_fleet_kdwt,World,1988,625046.0,"thousand dwt, flag of registration","UNCTADstat maritime transport tables, retrieved 29 July 2026"
merchant_fleet_kdwt,World,1989,620734.0,"thousand dwt, flag of registration","UNCTADstat maritime transport tables, retrieved 29 July 2026"
merchant_fleet_kdwt,World,1990,629976.0,"thousand dwt, flag of registration","UNCTADstat maritime transport tables, retrieved 29 July 2026"
merchant_fleet_kdwt,World,1991,651282.0,"thousand dwt, flag of registration","UNCTADstat maritime transport tables, retrieved 29 July 2026"
merchant_fleet_kdwt,World,1992,674421.0,"thousand dwt, flag of registration","UNCTADstat maritime transport tables, retrieved 29 July 2026"
merchant_fleet_kdwt,World,1993,683639.0,"thousand dwt, flag of registration","UNCTADstat maritime transport tables, retrieved 29 July 2026"
merchant_fleet_kdwt,World,1994,699745.0,"thousand dwt, flag of registration","UNCTADstat maritime transport tables, retrieved 29 July 2026"
merchant_fleet_kdwt,World,1995,719216.0,"thousand dwt, flag of registration","UNCTADstat maritime transport tables, retrieved 29 July 2026"
merchant_fleet_kdwt,World,1996,731870.0,"thousand dwt, flag of registration","UNCTADstat maritime transport tables, retrieved 29 July 2026"
merchant_fleet_kdwt,World,1997,755298.0,"thousand dwt, flag of registration","UNCTADstat maritime transport tables, retrieved 29 July 2026"
merchant_fleet_kdwt,World,1998,772801.0,"thousand dwt, flag of registration","UNCTADstat maritime transport tables, retrieved 29 July 2026"
merchant_fleet_kdwt,World,1999,785331.0,"thousand dwt, flag of registration","UNCTADstat maritime transport tables, retrieved 29 July 2026"
merchant_fleet_kdwt,World,2000,793771.0,"thousand dwt, flag of registration","UNCTADstat maritime transport tables, retrieved 29 July 2026"
merchant_fleet_kdwt,World,2001,802771.0,"thousand dwt, flag of registration","UNCTADstat maritime transport tables, retrieved 29 July 2026"
merchant_fleet_kdwt,World,2002,822011.0,"thousand dwt, flag of registration","UNCTADstat maritime transport tables, retrieved 29 July 2026"
merchant_fleet_kdwt,World,2003,841735.0,"thousand dwt, flag of registration","UNCTADstat maritime transport tables, retrieved 29 July 2026"
merchant_fleet_kdwt,World,2004,863667.0,"thousand dwt, flag of registration","UNCTADstat maritime transport tables, retrieved 29 July 2026"
merchant_fleet_kdwt,World,2005,907474.0,"thousand dwt, flag of registration","UNCTADstat maritime transport tables, retrieved 29 July 2026"
merchant_fleet_kdwt,World,2006,965006.0,"thousand dwt, flag of registration","UNCTADstat maritime transport tables, retrieved 29 July 2026"
merchant_fleet_kdwt,World,2007,1042328.0,"thousand dwt, flag of registration","UNCTADstat maritime transport tables, retrieved 29 July 2026"
merchant_fleet_kdwt,World,2008,1117779.0,"thousand dwt, flag of registration","UNCTADstat maritime transport tables, retrieved 29 July 2026"
merchant_fleet_kdwt,World,2009,1192317.0,"thousand dwt, flag of registration","UNCTADstat maritime transport tables, retrieved 29 July 2026"
merchant_fleet_kdwt,World,2010,1276137.0,"thousand dwt, flag of registration","UNCTADstat maritime transport tables, retrieved 29 July 2026"
merchant_fleet_kdwt,World,2011,1418377.0,"thousand dwt, flag of registration","UNCTADstat maritime transport tables, retrieved 29 July 2026"
merchant_fleet_kdwt,World,2012,1537483.0,"thousand dwt, flag of registration","UNCTADstat maritime transport tables, retrieved 29 July 2026"
merchant_fleet_kdwt,World,2013,1634029.0,"thousand dwt, flag of registration","UNCTADstat maritime transport tables, retrieved 29 July 2026"
merchant_fleet_kdwt,World,2014,1694518.0,"thousand dwt, flag of registration","UNCTADstat maritime transport tables, retrieved 29 July 2026"
merchant_fleet_kdwt,World,2015,1753091.0,"thousand dwt, flag of registration","UNCTADstat maritime transport tables, retrieved 29 July 2026"
merchant_fleet_kdwt,World,2016,1811214.0,"thousand dwt, flag of registration","UNCTADstat maritime transport tables, retrieved 29 July 2026"
merchant_fleet_kdwt,World,2017,1868251.0,"thousand dwt, flag of registration","UNCTADstat maritime transport tables, retrieved 29 July 2026"
merchant_fleet_kdwt,World,2018,1937777.0,"thousand dwt, flag of registration","UNCTADstat maritime transport tables, retrieved 29 July 2026"
merchant_fleet_kdwt,World,2019,1989924.0,"thousand dwt, flag of registration","UNCTADstat maritime transport tables, retrieved 29 July 2026"
merchant_fleet_kdwt,World,2020,2073311.0,"thousand dwt, flag of registration","UNCTADstat maritime transport tables, retrieved 29 July 2026"
merchant_fleet_kdwt,World,2021,2138844.0,"thousand dwt, flag of registration","UNCTADstat maritime transport tables, retrieved 29 July 2026"
merchant_fleet_kdwt,World,2022,2206295.0,"thousand dwt, flag of registration","UNCTADstat maritime transport tables, retrieved 29 July 2026"
merchant_fleet_kdwt,World,2023,2283273.0,"thousand dwt, flag of registration","UNCTADstat maritime transport tables, retrieved 29 July 2026"
merchant_fleet_kdwt,World,2024,2363141.0,"thousand dwt, flag of registration","UNCTADstat maritime transport tables, retrieved 29 July 2026"
merchant_fleet_kdwt,World,2025,2443569.0,"thousand dwt, flag of registration","UNCTADstat maritime transport tables, retrieved 29 July 2026"
merchant_fleet_kdwt,World,2026,2528788.0,"thousand dwt, flag of registration","UNCTADstat maritime transport tables, retrieved 29 July 2026"
ships_built_gt,Americas,2014,475543.0,gross tons,"UNCTADstat maritime transport tables, retrieved 29 July 2026"
ships_built_gt,Americas,2015,762890.0,gross tons,"UNCTADstat maritime transport tables, retrieved 29 July 2026"
ships_built_gt,Americas,2016,529663.0,gross tons,"UNCTADstat maritime transport tables, retrieved 29 July 2026"
ships_built_gt,Americas,2017,608952.0,gross tons,"UNCTADstat maritime transport tables, retrieved 29 July 2026"
ships_built_gt,Americas,2018,440980.0,gross tons,"UNCTADstat maritime transport tables, retrieved 29 July 2026"
ships_built_gt,Americas,2019,283918.0,gross tons,"UNCTADstat maritime transport tables, retrieved 29 July 2026"
ships_built_gt,Americas,2020,74271.0,gross tons,"UNCTADstat maritime transport tables, retrieved 29 July 2026"
ships_built_gt,Americas,2021,33445.0,gross tons,"UNCTADstat maritime transport tables, retrieved 29 July 2026"
ships_built_gt,Americas,2022,87962.0,gross tons,"UNCTADstat maritime transport tables, retrieved 29 July 2026"
ships_built_gt,Americas,2023,67158.0,gross tons,"UNCTADstat maritime transport tables, retrieved 29 July 2026"
ships_built_gt,Americas,2024,38664.0,gross tons,"UNCTADstat maritime transport tables, retrieved 29 July 2026"
ships_built_gt,Americas,2025,31477.0,gross tons,"UNCTADstat maritime transport tables, retrieved 29 July 2026"
ships_built_gt,Asia,2014,61384521.0,gross tons,"UNCTADstat maritime transport tables, retrieved 29 July 2026"
ships_built_gt,Asia,2015,65436540.0,gross tons,"UNCTADstat maritime transport tables, retrieved 29 July 2026"
ships_built_gt,Asia,2016,63619647.0,gross tons,"UNCTADstat maritime transport tables, retrieved 29 July 2026"
ships_built_gt,Asia,2017,62761436.0,gross tons,"UNCTADstat maritime transport tables, retrieved 29 July 2026"
ships_built_gt,Asia,2018,55554124.0,gross tons,"UNCTADstat maritime transport tables, retrieved 29 July 2026"
ships_built_gt,Asia,2019,63199154.0,gross tons,"UNCTADstat maritime transport tables, retrieved 29 July 2026"
ships_built_gt,Asia,2020,56004770.0,gross tons,"UNCTADstat maritime transport tables, retrieved 29 July 2026"
ships_built_gt,Asia,2021,58823754.0,gross tons,"UNCTADstat maritime transport tables, retrieved 29 July 2026"
ships_built_gt,Asia,2022,52984103.0,gross tons,"UNCTADstat maritime transport tables, retrieved 29 July 2026"
ships_built_gt,Asia,2023,63031941.0,gross tons,"UNCTADstat maritime transport tables, retrieved 29 July 2026"
ships_built_gt,Asia,2024,70098542.0,gross tons,"UNCTADstat maritime transport tables, retrieved 29 July 2026"
ships_built_gt,Asia,2025,74862903.0,gross tons,"UNCTADstat maritime transport tables, retrieved 29 July 2026"
ships_built_gt,China (derived),2014,22851302.0,"gross tons, derived","UNCTADstat maritime transport tables, retrieved 29 July 2026"
ships_built_gt,China (derived),2015,25275424.0,"gross tons, derived","UNCTADstat maritime transport tables, retrieved 29 July 2026"
ships_built_gt,China (derived),2016,22365449.0,"gross tons, derived","UNCTADstat maritime transport tables, retrieved 29 July 2026"
ships_built_gt,China (derived),2017,23682160.0,"gross tons, derived","UNCTADstat maritime transport tables, retrieved 29 July 2026"
ships_built_gt,China (derived),2018,23259789.0,"gross tons, derived","UNCTADstat maritime transport tables, retrieved 29 July 2026"
ships_built_gt,China (derived),2019,23074209.0,"gross tons, derived","UNCTADstat maritime transport tables, retrieved 29 July 2026"
ships_built_gt,China (derived),2020,23257200.0,"gross tons, derived","UNCTADstat maritime transport tables, retrieved 29 July 2026"
ships_built_gt,China (derived),2021,26863204.0,"gross tons, derived","UNCTADstat maritime transport tables, retrieved 29 July 2026"
ships_built_gt,China (derived),2022,25893611.0,"gross tons, derived","UNCTADstat maritime transport tables, retrieved 29 July 2026"
ships_built_gt,China (derived),2023,32859862.0,"gross tons, derived","UNCTADstat maritime transport tables, retrieved 29 July 2026"
ships_built_gt,China (derived),2024,39118358.0,"gross tons, derived","UNCTADstat maritime transport tables, retrieved 29 July 2026"
ships_built_gt,China (derived),2025,41595055.0,"gross tons, derived","UNCTADstat maritime transport tables, retrieved 29 July 2026"
ships_built_gt,Developing economies,2014,26366347.0,gross tons,"UNCTADstat maritime transport tables, retrieved 29 July 2026"
ships_built_gt,Developing economies,2015,29191185.0,gross tons,"UNCTADstat maritime transport tables, retrieved 29 July 2026"
ships_built_gt,Developing economies,2016,24982157.0,gross tons,"UNCTADstat maritime transport tables, retrieved 29 July 2026"
ships_built_gt,Developing economies,2017,27417773.0,gross tons,"UNCTADstat maritime transport tables, retrieved 29 July 2026"
ships_built_gt,Developing economies,2018,26715442.0,gross tons,"UNCTADstat maritime transport tables, retrieved 29 July 2026"
ships_built_gt,Developing economies,2019,25440485.0,gross tons,"UNCTADstat maritime transport tables, retrieved 29 July 2026"
ships_built_gt,Developing economies,2020,25009075.0,gross tons,"UNCTADstat maritime transport tables, retrieved 29 July 2026"
ships_built_gt,Developing economies,2021,28415645.0,gross tons,"UNCTADstat maritime transport tables, retrieved 29 July 2026"
ships_built_gt,Developing economies,2022,27161101.0,gross tons,"UNCTADstat maritime transport tables, retrieved 29 July 2026"
ships_built_gt,Developing economies,2023,34753763.0,gross tons,"UNCTADstat maritime transport tables, retrieved 29 July 2026"
ships_built_gt,Developing economies,2024,41032407.0,gross tons,"UNCTADstat maritime transport tables, retrieved 29 July 2026"
ships_built_gt,Developing economies,2025,43622055.0,gross tons,"UNCTADstat maritime transport tables, retrieved 29 July 2026"
ships_built_gt,Developing excl China,2014,3515045.0,gross tons,"UNCTADstat maritime transport tables, retrieved 29 July 2026"
ships_built_gt,Developing excl China,2015,3915761.0,gross tons,"UNCTADstat maritime transport tables, retrieved 29 July 2026"
ships_built_gt,Developing excl China,2016,2616708.0,gross tons,"UNCTADstat maritime transport tables, retrieved 29 July 2026"
ships_built_gt,Developing excl China,2017,3735613.0,gross tons,"UNCTADstat maritime transport tables, retrieved 29 July 2026"
ships_built_gt,Developing excl China,2018,3455653.0,gross tons,"UNCTADstat maritime transport tables, retrieved 29 July 2026"
ships_built_gt,Developing excl China,2019,2366276.0,gross tons,"UNCTADstat maritime transport tables, retrieved 29 July 2026"
ships_built_gt,Developing excl China,2020,1751875.0,gross tons,"UNCTADstat maritime transport tables, retrieved 29 July 2026"
ships_built_gt,Developing excl China,2021,1552441.0,gross tons,"UNCTADstat maritime transport tables, retrieved 29 July 2026"
ships_built_gt,Developing excl China,2022,1267490.0,gross tons,"UNCTADstat maritime transport tables, retrieved 29 July 2026"
ships_built_gt,Developing excl China,2023,1893901.0,gross tons,"UNCTADstat maritime transport tables, retrieved 29 July 2026"
ships_built_gt,Developing excl China,2024,1914049.0,gross tons,"UNCTADstat maritime transport tables, retrieved 29 July 2026"
ships_built_gt,Developing excl China,2025,2027000.0,gross tons,"UNCTADstat maritime transport tables, retrieved 29 July 2026"
ships_built_gt,Europe,2014,1789435.0,gross tons,"UNCTADstat maritime transport tables, retrieved 29 July 2026"
ships_built_gt,Europe,2015,1589700.0,gross tons,"UNCTADstat maritime transport tables, retrieved 29 July 2026"
ships_built_gt,Europe,2016,2607125.0,gross tons,"UNCTADstat maritime transport tables, retrieved 29 July 2026"
ships_built_gt,Europe,2017,2324033.0,gross tons,"UNCTADstat maritime transport tables, retrieved 29 July 2026"
ships_built_gt,Europe,2018,2028946.0,gross tons,"UNCTADstat maritime transport tables, retrieved 29 July 2026"
ships_built_gt,Europe,2019,2326154.0,gross tons,"UNCTADstat maritime transport tables, retrieved 29 July 2026"
ships_built_gt,Europe,2020,1668709.0,gross tons,"UNCTADstat maritime transport tables, retrieved 29 July 2026"
ships_built_gt,Europe,2021,1858568.0,gross tons,"UNCTADstat maritime transport tables, retrieved 29 July 2026"
ships_built_gt,Europe,2022,2464335.0,gross tons,"UNCTADstat maritime transport tables, retrieved 29 July 2026"
ships_built_gt,Europe,2023,1623926.0,gross tons,"UNCTADstat maritime transport tables, retrieved 29 July 2026"
ships_built_gt,Europe,2024,1465548.0,gross tons,"UNCTADstat maritime transport tables, retrieved 29 July 2026"
ships_built_gt,Europe,2025,2332301.0,gross tons,"UNCTADstat maritime transport tables, retrieved 29 July 2026"
ships_built_gt,World,2014,63662235.0,gross tons,"UNCTADstat maritime transport tables, retrieved 29 July 2026"
ships_built_gt,World,2015,67876902.0,gross tons,"UNCTADstat maritime transport tables, retrieved 29 July 2026"
ships_built_gt,World,2016,66782739.0,gross tons,"UNCTADstat maritime transport tables, retrieved 29 July 2026"
ships_built_gt,World,2017,65712437.0,gross tons,"UNCTADstat maritime transport tables, retrieved 29 July 2026"
ships_built_gt,World,2018,58045134.0,gross tons,"UNCTADstat maritime transport tables, retrieved 29 July 2026"
ships_built_gt,World,2019,65910572.0,gross tons,"UNCTADstat maritime transport tables, retrieved 29 July 2026"
ships_built_gt,World,2020,57764893.0,gross tons,"UNCTADstat maritime transport tables, retrieved 29 July 2026"
ships_built_gt,World,2021,60779648.0,gross tons,"UNCTADstat maritime transport tables, retrieved 29 July 2026"
ships_built_gt,World,2022,55579678.0,gross tons,"UNCTADstat maritime transport tables, retrieved 29 July 2026"
ships_built_gt,World,2023,64774769.0,gross tons,"UNCTADstat maritime transport tables, retrieved 29 July 2026"
ships_built_gt,World,2024,71690983.0,gross tons,"UNCTADstat maritime transport tables, retrieved 29 July 2026"
ships_built_gt,World,2025,77283947.0,gross tons,"UNCTADstat maritime transport tables, retrieved 29 July 2026"
