iso3,year,milex_constusd_m,source
CHN,1989,19905.957179233752,"SIPRI Milex Database 1949-2025 (v1.2, April 2026)"
CHN,1990,21639.621941251564,"SIPRI Milex Database 1949-2025 (v1.2, April 2026)"
CHN,1991,23000.93151539146,"SIPRI Milex Database 1949-2025 (v1.2, April 2026)"
CHN,1992,27972.069658336968,"SIPRI Milex Database 1949-2025 (v1.2, April 2026)"
CHN,1993,25722.77626231373,"SIPRI Milex Database 1949-2025 (v1.2, April 2026)"
CHN,1994,24750.39309897849,"SIPRI Milex Database 1949-2025 (v1.2, April 2026)"
CHN,1995,25707.125679044744,"SIPRI Milex Database 1949-2025 (v1.2, April 2026)"
CHN,1996,27234.48395272314,"SIPRI Milex Database 1949-2025 (v1.2, April 2026)"
CHN,1997,29054.19242213676,"SIPRI Milex Database 1949-2025 (v1.2, April 2026)"
CHN,1998,31723.585544991474,"SIPRI Milex Database 1949-2025 (v1.2, April 2026)"
CHN,1999,38673.67531103788,"SIPRI Milex Database 1949-2025 (v1.2, April 2026)"
CHN,2000,41859.94884116564,"SIPRI Milex Database 1949-2025 (v1.2, April 2026)"
CHN,2001,49634.62903269097,"SIPRI Milex Database 1949-2025 (v1.2, April 2026)"
CHN,2002,57007.59002936875,"SIPRI Milex Database 1949-2025 (v1.2, April 2026)"
CHN,2003,61696.002549766774,"SIPRI Milex Database 1949-2025 (v1.2, April 2026)"
CHN,2004,67956.44918310986,"SIPRI Milex Database 1949-2025 (v1.2, April 2026)"
CHN,2005,74624.9774233132,"SIPRI Milex Database 1949-2025 (v1.2, April 2026)"
CHN,2006,85898.20874181419,"SIPRI Milex Database 1949-2025 (v1.2, April 2026)"
CHN,2007,94424.53546866345,"SIPRI Milex Database 1949-2025 (v1.2, April 2026)"
CHN,2008,103310.80220400917,"SIPRI Milex Database 1949-2025 (v1.2, April 2026)"
CHN,2009,125361.39516664106,"SIPRI Milex Database 1949-2025 (v1.2, April 2026)"
CHN,2010,131535.81978251814,"SIPRI Milex Database 1949-2025 (v1.2, April 2026)"
CHN,2011,141205.81551114112,"SIPRI Milex Database 1949-2025 (v1.2, April 2026)"
CHN,2012,155714.05907459068,"SIPRI Milex Database 1949-2025 (v1.2, April 2026)"
CHN,2013,168374.62501672705,"SIPRI Milex Database 1949-2025 (v1.2, April 2026)"
CHN,2014,181814.42033438323,"SIPRI Milex Database 1949-2025 (v1.2, April 2026)"
CHN,2015,196087.55556286048,"SIPRI Milex Database 1949-2025 (v1.2, April 2026)"
CHN,2016,207375.40998832564,"SIPRI Milex Database 1949-2025 (v1.2, April 2026)"
CHN,2017,220129.31992222846,"SIPRI Milex Database 1949-2025 (v1.2, April 2026)"
CHN,2018,233023.66426689958,"SIPRI Milex Database 1949-2025 (v1.2, April 2026)"
CHN,2019,244375.95619855542,"SIPRI Milex Database 1949-2025 (v1.2, April 2026)"
CHN,2020,255894.61892362384,"SIPRI Milex Database 1949-2025 (v1.2, April 2026)"
CHN,2021,262558.6666931823,"SIPRI Milex Database 1949-2025 (v1.2, April 2026)"
CHN,2022,274158.19588427496,"SIPRI Milex Database 1949-2025 (v1.2, April 2026)"
CHN,2023,292220.7630572531,"SIPRI Milex Database 1949-2025 (v1.2, April 2026)"
CHN,2024,311900.3506008155,"SIPRI Milex Database 1949-2025 (v1.2, April 2026)"
CHN,2025,335017.61733764654,"SIPRI Milex Database 1949-2025 (v1.2, April 2026)"
RUS,1992,47459.48106054603,"SIPRI Milex Database 1949-2025 (v1.2, April 2026)"
RUS,1993,41487.957891654965,"SIPRI Milex Database 1949-2025 (v1.2, April 2026)"
RUS,1994,39220.3301244207,"SIPRI Milex Database 1949-2025 (v1.2, April 2026)"
RUS,1995,25805.44064782807,"SIPRI Milex Database 1949-2025 (v1.2, April 2026)"
RUS,1996,24366.317027217305,"SIPRI Milex Database 1949-2025 (v1.2, April 2026)"
RUS,1997,26638.976359264347,"SIPRI Milex Database 1949-2025 (v1.2, April 2026)"
RUS,1998,15842.015607448539,"SIPRI Milex Database 1949-2025 (v1.2, April 2026)"
RUS,1999,17592.859479679755,"SIPRI Milex Database 1949-2025 (v1.2, April 2026)"
RUS,2000,23736.83056561504,"SIPRI Milex Database 1949-2025 (v1.2, April 2026)"
RUS,2001,25652.409867730334,"SIPRI Milex Database 1949-2025 (v1.2, April 2026)"
RUS,2002,28417.539274321454,"SIPRI Milex Database 1949-2025 (v1.2, April 2026)"
RUS,2003,29796.84321029966,"SIPRI Milex Database 1949-2025 (v1.2, April 2026)"
RUS,2004,31144.104547258477,"SIPRI Milex Database 1949-2025 (v1.2, April 2026)"
RUS,2005,35392.46113230283,"SIPRI Milex Database 1949-2025 (v1.2, April 2026)"
RUS,2006,39174.08333594922,"SIPRI Milex Database 1949-2025 (v1.2, April 2026)"
RUS,2007,42641.04406152182,"SIPRI Milex Database 1949-2025 (v1.2, April 2026)"
RUS,2008,46852.91866365984,"SIPRI Milex Database 1949-2025 (v1.2, April 2026)"
RUS,2009,49157.59410302343,"SIPRI Milex Database 1949-2025 (v1.2, April 2026)"
RUS,2010,50156.8987420204,"SIPRI Milex Database 1949-2025 (v1.2, April 2026)"
RUS,2011,53529.328577253706,"SIPRI Milex Database 1949-2025 (v1.2, April 2026)"
RUS,2012,62021.82597745871,"SIPRI Milex Database 1949-2025 (v1.2, April 2026)"
RUS,2013,65044.3821483514,"SIPRI Milex Database 1949-2025 (v1.2, April 2026)"
RUS,2014,69709.60149174741,"SIPRI Milex Database 1949-2025 (v1.2, April 2026)"
RUS,2015,75132.88741906652,"SIPRI Milex Database 1949-2025 (v1.2, April 2026)"
RUS,2016,80545.6315734127,"SIPRI Milex Database 1949-2025 (v1.2, April 2026)"
RUS,2017,65267.84147446855,"SIPRI Milex Database 1949-2025 (v1.2, April 2026)"
RUS,2018,62808.69875131293,"SIPRI Milex Database 1949-2025 (v1.2, April 2026)"
RUS,2019,65623.94295290334,"SIPRI Milex Database 1949-2025 (v1.2, April 2026)"
RUS,2020,67165.6897219991,"SIPRI Milex Database 1949-2025 (v1.2, April 2026)"
RUS,2021,68496.30738422002,"SIPRI Milex Database 1949-2025 (v1.2, April 2026)"
RUS,2022,88678.70697357978,"SIPRI Milex Database 1949-2025 (v1.2, April 2026)"
RUS,2023,108959.52968754475,"SIPRI Milex Database 1949-2025 (v1.2, April 2026)"
RUS,2024,149401.8739654511,"SIPRI Milex Database 1949-2025 (v1.2, April 2026)"
RUS,2025,158236.35368590037,"SIPRI Milex Database 1949-2025 (v1.2, April 2026)"
USA,1949,181095.54595961623,"SIPRI Milex Database 1949-2025 (v1.2, April 2026)"
USA,1950,194625.01922071318,"SIPRI Milex Database 1949-2025 (v1.2, April 2026)"
USA,1951,416423.76619009074,"SIPRI Milex Database 1949-2025 (v1.2, April 2026)"
USA,1952,586599.3353951831,"SIPRI Milex Database 1949-2025 (v1.2, April 2026)"
USA,1953,603952.7491342905,"SIPRI Milex Database 1949-2025 (v1.2, April 2026)"
USA,1954,521100.5541461824,"SIPRI Milex Database 1949-2025 (v1.2, April 2026)"
USA,1955,493268.10842299985,"SIPRI Milex Database 1949-2025 (v1.2, April 2026)"
USA,1956,499722.011991578,"SIPRI Milex Database 1949-2025 (v1.2, April 2026)"
USA,1957,513981.0695660227,"SIPRI Milex Database 1949-2025 (v1.2, April 2026)"
USA,1958,510931.9214733394,"SIPRI Milex Database 1949-2025 (v1.2, April 2026)"
USA,1959,514510.5616368587,"SIPRI Milex Database 1949-2025 (v1.2, April 2026)"
USA,1960,501847.3740731077,"SIPRI Milex Database 1949-2025 (v1.2, April 2026)"
USA,1961,523074.47174020496,"SIPRI Milex Database 1949-2025 (v1.2, April 2026)"
USA,1962,566782.2473108689,"SIPRI Milex Database 1949-2025 (v1.2, April 2026)"
USA,1963,559063.7952629474,"SIPRI Milex Database 1949-2025 (v1.2, April 2026)"
USA,1964,540424.6027361855,"SIPRI Milex Database 1949-2025 (v1.2, April 2026)"
USA,1965,542791.5123052777,"SIPRI Milex Database 1949-2025 (v1.2, April 2026)"
USA,1966,641790.2905904202,"SIPRI Milex Database 1949-2025 (v1.2, April 2026)"
USA,1967,736820.0824456811,"SIPRI Milex Database 1949-2025 (v1.2, April 2026)"
USA,1968,760483.6159193042,"SIPRI Milex Database 1949-2025 (v1.2, April 2026)"
USA,1969,727077.1448721099,"SIPRI Milex Database 1949-2025 (v1.2, April 2026)"
USA,1970,673817.9354960863,"SIPRI Milex Database 1949-2025 (v1.2, April 2026)"
USA,1971,606251.8121053874,"SIPRI Milex Database 1949-2025 (v1.2, April 2026)"
USA,1972,605379.8776017636,"SIPRI Milex Database 1949-2025 (v1.2, April 2026)"
USA,1973,575307.8276810786,"SIPRI Milex Database 1949-2025 (v1.2, April 2026)"
USA,1974,567795.5315287722,"SIPRI Milex Database 1949-2025 (v1.2, April 2026)"
USA,1975,536613.2655109749,"SIPRI Milex Database 1949-2025 (v1.2, April 2026)"
USA,1976,522016.12892734614,"SIPRI Milex Database 1949-2025 (v1.2, April 2026)"
USA,1977,541716.8569209804,"SIPRI Milex Database 1949-2025 (v1.2, April 2026)"
USA,1978,545143.7197747057,"SIPRI Milex Database 1949-2025 (v1.2, April 2026)"
USA,1979,548272.4602247528,"SIPRI Milex Database 1949-2025 (v1.2, April 2026)"
USA,1980,547007.220510534,"SIPRI Milex Database 1949-2025 (v1.2, April 2026)"
USA,1981,609290.8805095402,"SIPRI Milex Database 1949-2025 (v1.2, April 2026)"
USA,1982,720586.0512928795,"SIPRI Milex Database 1949-2025 (v1.2, April 2026)"
USA,1983,703680.5613919985,"SIPRI Milex Database 1949-2025 (v1.2, April 2026)"
USA,1984,740140.2065523877,"SIPRI Milex Database 1949-2025 (v1.2, April 2026)"
USA,1985,793443.8836968157,"SIPRI Milex Database 1949-2025 (v1.2, April 2026)"
USA,1986,845889.7759974619,"SIPRI Milex Database 1949-2025 (v1.2, April 2026)"
USA,1987,838949.2861300871,"SIPRI Milex Database 1949-2025 (v1.2, April 2026)"
USA,1988,821399.2444562322,"SIPRI Milex Database 1949-2025 (v1.2, April 2026)"
USA,1989,814459.9737453692,"SIPRI Milex Database 1949-2025 (v1.2, April 2026)"
USA,1990,780581.0964313726,"SIPRI Milex Database 1949-2025 (v1.2, April 2026)"
USA,1991,689542.0557902782,"SIPRI Milex Database 1949-2025 (v1.2, April 2026)"
USA,1992,726638.0164097493,"SIPRI Milex Database 1949-2025 (v1.2, April 2026)"
USA,1993,687750.9280501192,"SIPRI Milex Database 1949-2025 (v1.2, April 2026)"
USA,1994,651998.965640133,"SIPRI Milex Database 1949-2025 (v1.2, April 2026)"
USA,1995,609028.6321555362,"SIPRI Milex Database 1949-2025 (v1.2, April 2026)"
USA,1996,575900.8364920784,"SIPRI Milex Database 1949-2025 (v1.2, April 2026)"
USA,1997,572921.6482810033,"SIPRI Milex Database 1949-2025 (v1.2, April 2026)"
USA,1998,559984.9477548694,"SIPRI Milex Database 1949-2025 (v1.2, April 2026)"
USA,1999,561362.9817292582,"SIPRI Milex Database 1949-2025 (v1.2, April 2026)"
USA,2000,583086.5598592585,"SIPRI Milex Database 1949-2025 (v1.2, April 2026)"
USA,2001,587822.184904898,"SIPRI Milex Database 1949-2025 (v1.2, April 2026)"
USA,2002,660012.0108706779,"SIPRI Milex Database 1949-2025 (v1.2, April 2026)"
USA,2003,751202.6688348472,"SIPRI Milex Database 1949-2025 (v1.2, April 2026)"
USA,2004,818750.899893239,"SIPRI Milex Database 1949-2025 (v1.2, April 2026)"
USA,2005,856461.6701506235,"SIPRI Milex Database 1949-2025 (v1.2, April 2026)"
USA,2006,868803.049526678,"SIPRI Milex Database 1949-2025 (v1.2, April 2026)"
USA,2007,891986.0560272832,"SIPRI Milex Database 1949-2025 (v1.2, April 2026)"
USA,2008,956872.4163661142,"SIPRI Milex Database 1949-2025 (v1.2, April 2026)"
USA,2009,1032168.2514445777,"SIPRI Milex Database 1949-2025 (v1.2, April 2026)"
USA,2010,1061674.3326546005,"SIPRI Milex Database 1949-2025 (v1.2, April 2026)"
USA,2011,1049102.957691518,"SIPRI Milex Database 1949-2025 (v1.2, April 2026)"
USA,2012,990830.7401183299,"SIPRI Milex Database 1949-2025 (v1.2, April 2026)"
USA,2013,914617.1883998603,"SIPRI Milex Database 1949-2025 (v1.2, April 2026)"
USA,2014,858357.1260671958,"SIPRI Milex Database 1949-2025 (v1.2, April 2026)"
USA,2015,838865.0602699278,"SIPRI Milex Database 1949-2025 (v1.2, April 2026)"
USA,2016,836290.9486959133,"SIPRI Milex Database 1949-2025 (v1.2, April 2026)"
USA,2017,827674.2656242814,"SIPRI Milex Database 1949-2025 (v1.2, April 2026)"
USA,2018,852585.0459108626,"SIPRI Milex Database 1949-2025 (v1.2, April 2026)"
USA,2019,901032.1194575771,"SIPRI Milex Database 1949-2025 (v1.2, April 2026)"
USA,2020,943446.5779925706,"SIPRI Milex Database 1949-2025 (v1.2, April 2026)"
USA,2021,933334.4804580521,"SIPRI Milex Database 1949-2025 (v1.2, April 2026)"
USA,2022,922552.5241546383,"SIPRI Milex Database 1949-2025 (v1.2, April 2026)"
USA,2023,943032.7844566408,"SIPRI Milex Database 1949-2025 (v1.2, April 2026)"
USA,2024,1004901.0,"SIPRI Milex Database 1949-2025 (v1.2, April 2026)"
USA,2025,929162.8952373267,"SIPRI Milex Database 1949-2025 (v1.2, April 2026)"
WORLD,1988,1759879.5947998865,"SIPRI Milex Database 1949-2025 (v1.2, April 2026)"
WORLD,1989,1738658.4737577927,"SIPRI Milex Database 1949-2025 (v1.2, April 2026)"
WORLD,1990,1673673.2515713326,"SIPRI Milex Database 1949-2025 (v1.2, April 2026)"
WORLD,1992,1415484.2587558646,"SIPRI Milex Database 1949-2025 (v1.2, April 2026)"
WORLD,1993,1355635.9696750985,"SIPRI Milex Database 1949-2025 (v1.2, April 2026)"
WORLD,1994,1324154.8567397613,"SIPRI Milex Database 1949-2025 (v1.2, April 2026)"
WORLD,1995,1252290.3296077787,"SIPRI Milex Database 1949-2025 (v1.2, April 2026)"
WORLD,1996,1217819.3429453503,"SIPRI Milex Database 1949-2025 (v1.2, April 2026)"
WORLD,1997,1223417.9469949568,"SIPRI Milex Database 1949-2025 (v1.2, April 2026)"
WORLD,1998,1207501.339417063,"SIPRI Milex Database 1949-2025 (v1.2, April 2026)"
WORLD,1999,1228114.180472086,"SIPRI Milex Database 1949-2025 (v1.2, April 2026)"
WORLD,2000,1270780.821198748,"SIPRI Milex Database 1949-2025 (v1.2, April 2026)"
WORLD,2001,1297170.55282548,"SIPRI Milex Database 1949-2025 (v1.2, April 2026)"
WORLD,2002,1383414.8359163336,"SIPRI Milex Database 1949-2025 (v1.2, April 2026)"
WORLD,2003,1490399.4153029092,"SIPRI Milex Database 1949-2025 (v1.2, April 2026)"
WORLD,2004,1571750.8518230447,"SIPRI Milex Database 1949-2025 (v1.2, April 2026)"
WORLD,2005,1640679.5644527345,"SIPRI Milex Database 1949-2025 (v1.2, April 2026)"
WORLD,2006,1684908.2120900513,"SIPRI Milex Database 1949-2025 (v1.2, April 2026)"
WORLD,2007,1751867.7933932561,"SIPRI Milex Database 1949-2025 (v1.2, April 2026)"
WORLD,2008,1851979.554902863,"SIPRI Milex Database 1949-2025 (v1.2, April 2026)"
WORLD,2009,1980190.8046831088,"SIPRI Milex Database 1949-2025 (v1.2, April 2026)"
WORLD,2010,2016221.2184386058,"SIPRI Milex Database 1949-2025 (v1.2, April 2026)"
WORLD,2011,2015953.9555361972,"SIPRI Milex Database 1949-2025 (v1.2, April 2026)"
WORLD,2012,1996039.0000856735,"SIPRI Milex Database 1949-2025 (v1.2, April 2026)"
WORLD,2013,1948064.1448189404,"SIPRI Milex Database 1949-2025 (v1.2, April 2026)"
WORLD,2014,1936202.192650693,"SIPRI Milex Database 1949-2025 (v1.2, April 2026)"
WORLD,2015,1960909.9154974283,"SIPRI Milex Database 1949-2025 (v1.2, April 2026)"
WORLD,2016,1961751.9772458028,"SIPRI Milex Database 1949-2025 (v1.2, April 2026)"
WORLD,2017,1982924.1338799596,"SIPRI Milex Database 1949-2025 (v1.2, April 2026)"
WORLD,2018,2044621.2616758419,"SIPRI Milex Database 1949-2025 (v1.2, April 2026)"
WORLD,2019,2131569.9673649715,"SIPRI Milex Database 1949-2025 (v1.2, April 2026)"
WORLD,2020,2209744.1107546175,"SIPRI Milex Database 1949-2025 (v1.2, April 2026)"
WORLD,2021,2227781.852128795,"SIPRI Milex Database 1949-2025 (v1.2, April 2026)"
WORLD,2022,2299338.66513806,"SIPRI Milex Database 1949-2025 (v1.2, April 2026)"
WORLD,2023,2453404.569254216,"SIPRI Milex Database 1949-2025 (v1.2, April 2026)"
WORLD,2024,2692307.562341722,"SIPRI Milex Database 1949-2025 (v1.2, April 2026)"
WORLD,2025,2771294.1509900982,"SIPRI Milex Database 1949-2025 (v1.2, April 2026)"
