tier,year,value,measure,agg
China,1989,19905.957179233752,milex_usd_const2024,sum
China,1990,21639.621941251564,milex_usd_const2024,sum
China,1991,23000.93151539146,milex_usd_const2024,sum
China,1992,27972.069658336968,milex_usd_const2024,sum
China,1993,25722.77626231373,milex_usd_const2024,sum
China,1994,24750.39309897849,milex_usd_const2024,sum
China,1995,25707.125679044744,milex_usd_const2024,sum
China,1996,27234.48395272314,milex_usd_const2024,sum
China,1997,29054.19242213676,milex_usd_const2024,sum
China,1998,31723.585544991474,milex_usd_const2024,sum
China,1999,38673.67531103788,milex_usd_const2024,sum
China,2000,41859.94884116564,milex_usd_const2024,sum
China,2001,49634.62903269097,milex_usd_const2024,sum
China,2002,57007.59002936875,milex_usd_const2024,sum
China,2003,61696.002549766774,milex_usd_const2024,sum
China,2004,67956.44918310986,milex_usd_const2024,sum
China,2005,74624.9774233132,milex_usd_const2024,sum
China,2006,85898.20874181419,milex_usd_const2024,sum
China,2007,94424.53546866345,milex_usd_const2024,sum
China,2008,103310.80220400917,milex_usd_const2024,sum
China,2009,125361.39516664106,milex_usd_const2024,sum
China,2010,131535.81978251814,milex_usd_const2024,sum
China,2011,141205.81551114112,milex_usd_const2024,sum
China,2012,155714.05907459068,milex_usd_const2024,sum
China,2013,168374.62501672705,milex_usd_const2024,sum
China,2014,181814.42033438323,milex_usd_const2024,sum
China,2015,196087.55556286048,milex_usd_const2024,sum
China,2016,207375.40998832564,milex_usd_const2024,sum
China,2017,220129.31992222846,milex_usd_const2024,sum
China,2018,233023.66426689958,milex_usd_const2024,sum
China,2019,244375.95619855542,milex_usd_const2024,sum
China,2020,255894.61892362384,milex_usd_const2024,sum
China,2021,262558.6666931823,milex_usd_const2024,sum
China,2022,274158.19588427496,milex_usd_const2024,sum
China,2023,292220.7630572531,milex_usd_const2024,sum
China,2024,311900.3506008155,milex_usd_const2024,sum
China,2025,335017.61733764654,milex_usd_const2024,sum
Hedging middle powers,1951,268.21388551936906,milex_usd_const2024,sum
Hedging middle powers,1952,283.4605882081717,milex_usd_const2024,sum
Hedging middle powers,1953,1888.3511350115589,milex_usd_const2024,sum
Hedging middle powers,1954,227.11566428087886,milex_usd_const2024,sum
Hedging middle powers,1955,234.99077201329013,milex_usd_const2024,sum
Hedging middle powers,1956,3310.281982422925,milex_usd_const2024,sum
Hedging middle powers,1957,6760.494639090858,milex_usd_const2024,sum
Hedging middle powers,1958,6686.966463833345,milex_usd_const2024,sum
Hedging middle powers,1959,5841.89418663487,milex_usd_const2024,sum
Hedging middle powers,1960,5732.287649631286,milex_usd_const2024,sum
Hedging middle powers,1961,6023.861699397803,milex_usd_const2024,sum
Hedging middle powers,1962,7813.518441590673,milex_usd_const2024,sum
Hedging middle powers,1963,11986.869920349433,milex_usd_const2024,sum
Hedging middle powers,1964,12140.447896975238,milex_usd_const2024,sum
Hedging middle powers,1965,13663.73955476743,milex_usd_const2024,sum
Hedging middle powers,1966,14085.814516913699,milex_usd_const2024,sum
Hedging middle powers,1967,13818.44421343329,milex_usd_const2024,sum
Hedging middle powers,1968,14222.374897304117,milex_usd_const2024,sum
Hedging middle powers,1969,15387.691949726164,milex_usd_const2024,sum
Hedging middle powers,1970,17570.799789430454,milex_usd_const2024,sum
Hedging middle powers,1971,20162.81041754139,milex_usd_const2024,sum
Hedging middle powers,1972,23991.515141076456,milex_usd_const2024,sum
Hedging middle powers,1973,25443.47938647532,milex_usd_const2024,sum
Hedging middle powers,1974,19632.497888304846,milex_usd_const2024,sum
Hedging middle powers,1975,22396.72095258344,milex_usd_const2024,sum
Hedging middle powers,1976,25859.275544323125,milex_usd_const2024,sum
Hedging middle powers,1977,47483.49119133668,milex_usd_const2024,sum
Hedging middle powers,1978,50272.55016595329,milex_usd_const2024,sum
Hedging middle powers,1979,58410.08178100269,milex_usd_const2024,sum
Hedging middle powers,1980,62489.164753797435,milex_usd_const2024,sum
Hedging middle powers,1981,70262.31131943734,milex_usd_const2024,sum
Hedging middle powers,1982,76819.14516421607,milex_usd_const2024,sum
Hedging middle powers,1983,67812.78066586568,milex_usd_const2024,sum
Hedging middle powers,1984,72435.0544953147,milex_usd_const2024,sum
Hedging middle powers,1985,70032.92748341592,milex_usd_const2024,sum
Hedging middle powers,1986,39025.13158168667,milex_usd_const2024,sum
Hedging middle powers,1987,74564.73380408231,milex_usd_const2024,sum
Hedging middle powers,1988,76300.8165909984,milex_usd_const2024,sum
Hedging middle powers,1989,77777.15284111262,milex_usd_const2024,sum
Hedging middle powers,1990,82171.34734027067,milex_usd_const2024,sum
Hedging middle powers,1991,76071.57666203301,milex_usd_const2024,sum
Hedging middle powers,1992,70489.03111500747,milex_usd_const2024,sum
Hedging middle powers,1993,77436.99018066813,milex_usd_const2024,sum
Hedging middle powers,1994,76656.86573244372,milex_usd_const2024,sum
Hedging middle powers,1995,75772.28117085304,milex_usd_const2024,sum
Hedging middle powers,1996,75590.0252053699,milex_usd_const2024,sum
Hedging middle powers,1997,95472.58491472602,milex_usd_const2024,sum
Hedging middle powers,1998,102376.5314826317,milex_usd_const2024,sum
Hedging middle powers,1999,103384.15588781383,milex_usd_const2024,sum
Hedging middle powers,2000,112286.63498468559,milex_usd_const2024,sum
Hedging middle powers,2001,118530.83938180463,milex_usd_const2024,sum
Hedging middle powers,2002,114353.54766012737,milex_usd_const2024,sum
Hedging middle powers,2003,115816.78384533175,milex_usd_const2024,sum
Hedging middle powers,2004,127456.68980926191,milex_usd_const2024,sum
Hedging middle powers,2005,138599.65659936913,milex_usd_const2024,sum
Hedging middle powers,2006,146152.59671624674,milex_usd_const2024,sum
Hedging middle powers,2007,158711.29932774696,milex_usd_const2024,sum
Hedging middle powers,2008,167009.7336366965,milex_usd_const2024,sum
Hedging middle powers,2009,183376.7830410506,milex_usd_const2024,sum
Hedging middle powers,2010,192596.0583129176,milex_usd_const2024,sum
Hedging middle powers,2011,196115.38900994064,milex_usd_const2024,sum
Hedging middle powers,2012,206505.30032746284,milex_usd_const2024,sum
Hedging middle powers,2013,225442.8519050901,milex_usd_const2024,sum
Hedging middle powers,2014,240798.621755011,milex_usd_const2024,sum
Hedging middle powers,2015,222243.26013451332,milex_usd_const2024,sum
Hedging middle powers,2016,198363.69069559936,milex_usd_const2024,sum
Hedging middle powers,2017,213708.64030199414,milex_usd_const2024,sum
Hedging middle powers,2018,219582.17472166684,milex_usd_const2024,sum
Hedging middle powers,2019,214655.06022597107,milex_usd_const2024,sum
Hedging middle powers,2020,211581.84826039104,milex_usd_const2024,sum
Hedging middle powers,2021,206326.76770659292,milex_usd_const2024,sum
Hedging middle powers,2022,216250.53517327242,milex_usd_const2024,sum
Hedging middle powers,2023,226125.13757065433,milex_usd_const2024,sum
Hedging middle powers,2024,230230.90000422735,milex_usd_const2024,sum
Hedging middle powers,2025,249051.9148998476,milex_usd_const2024,sum
Indo-Pacific allies,1950,3192.848998044276,milex_usd_const2024,sum
Indo-Pacific allies,1951,4586.033314654722,milex_usd_const2024,sum
Indo-Pacific allies,1952,12159.051210593407,milex_usd_const2024,sum
Indo-Pacific allies,1953,12627.07932645611,milex_usd_const2024,sum
Indo-Pacific allies,1954,13127.660839578299,milex_usd_const2024,sum
Indo-Pacific allies,1955,13546.670033530136,milex_usd_const2024,sum
Indo-Pacific allies,1956,14331.882838973392,milex_usd_const2024,sum
Indo-Pacific allies,1957,14206.78127963755,milex_usd_const2024,sum
Indo-Pacific allies,1958,14947.389950373328,milex_usd_const2024,sum
Indo-Pacific allies,1959,15076.020999145052,milex_usd_const2024,sum
Indo-Pacific allies,1960,14975.25049675286,milex_usd_const2024,sum
Indo-Pacific allies,1961,14688.6199948634,milex_usd_const2024,sum
Indo-Pacific allies,1962,15355.9164084554,milex_usd_const2024,sum
Indo-Pacific allies,1963,16580.633349667893,milex_usd_const2024,sum
Indo-Pacific allies,1964,18356.271264735937,milex_usd_const2024,sum
Indo-Pacific allies,1965,20045.59936469378,milex_usd_const2024,sum
Indo-Pacific allies,1966,23357.25056049347,milex_usd_const2024,sum
Indo-Pacific allies,1967,25988.503840745834,milex_usd_const2024,sum
Indo-Pacific allies,1968,28156.555233258292,milex_usd_const2024,sum
Indo-Pacific allies,1969,29414.40980662308,milex_usd_const2024,sum
Indo-Pacific allies,1970,30329.355025837354,milex_usd_const2024,sum
Indo-Pacific allies,1971,31809.516181062696,milex_usd_const2024,sum
Indo-Pacific allies,1972,34208.576646416455,milex_usd_const2024,sum
Indo-Pacific allies,1973,35024.915405086984,milex_usd_const2024,sum
Indo-Pacific allies,1974,36676.265045347005,milex_usd_const2024,sum
Indo-Pacific allies,1975,35752.49002460308,milex_usd_const2024,sum
Indo-Pacific allies,1976,46265.79028315033,milex_usd_const2024,sum
Indo-Pacific allies,1977,49314.96721178133,milex_usd_const2024,sum
Indo-Pacific allies,1978,53148.12234212485,milex_usd_const2024,sum
Indo-Pacific allies,1979,56356.42729615948,milex_usd_const2024,sum
Indo-Pacific allies,1980,58348.538344933026,milex_usd_const2024,sum
Indo-Pacific allies,1981,59560.4934319244,milex_usd_const2024,sum
Indo-Pacific allies,1982,61950.43279227959,milex_usd_const2024,sum
Indo-Pacific allies,1983,63897.19234473586,milex_usd_const2024,sum
Indo-Pacific allies,1984,65863.17732888364,milex_usd_const2024,sum
Indo-Pacific allies,1985,70121.95426899813,milex_usd_const2024,sum
Indo-Pacific allies,1986,72752.6205449793,milex_usd_const2024,sum
Indo-Pacific allies,1987,74057.61402040697,milex_usd_const2024,sum
Indo-Pacific allies,1988,77200.02243327457,milex_usd_const2024,sum
Indo-Pacific allies,1989,80388.95629621782,milex_usd_const2024,sum
Indo-Pacific allies,1990,83558.40479495845,milex_usd_const2024,sum
Indo-Pacific allies,1991,85507.64232060623,milex_usd_const2024,sum
Indo-Pacific allies,1992,87824.5010151901,milex_usd_const2024,sum
Indo-Pacific allies,1993,90991.01468000292,milex_usd_const2024,sum
Indo-Pacific allies,1994,92020.34295763235,milex_usd_const2024,sum
Indo-Pacific allies,1995,93060.32096595943,milex_usd_const2024,sum
Indo-Pacific allies,1996,94279.97793146493,milex_usd_const2024,sum
Indo-Pacific allies,1997,94795.64359219561,milex_usd_const2024,sum
Indo-Pacific allies,1998,92838.0901340153,milex_usd_const2024,sum
Indo-Pacific allies,1999,92389.48387729962,milex_usd_const2024,sum
Indo-Pacific allies,2000,92166.22847222918,milex_usd_const2024,sum
Indo-Pacific allies,2001,93620.0681635484,milex_usd_const2024,sum
Indo-Pacific allies,2002,94777.29202675022,milex_usd_const2024,sum
Indo-Pacific allies,2003,96044.37275033501,milex_usd_const2024,sum
Indo-Pacific allies,2004,97290.8038688977,milex_usd_const2024,sum
Indo-Pacific allies,2005,99139.78131792268,milex_usd_const2024,sum
Indo-Pacific allies,2006,100528.47467137332,milex_usd_const2024,sum
Indo-Pacific allies,2007,103757.43589615289,milex_usd_const2024,sum
Indo-Pacific allies,2008,106992.80122300303,milex_usd_const2024,sum
Indo-Pacific allies,2009,112993.5553987691,milex_usd_const2024,sum
Indo-Pacific allies,2010,113605.05498573754,milex_usd_const2024,sum
Indo-Pacific allies,2011,113818.25243558199,milex_usd_const2024,sum
Indo-Pacific allies,2012,113929.86369395681,milex_usd_const2024,sum
Indo-Pacific allies,2013,114318.41835743409,milex_usd_const2024,sum
Indo-Pacific allies,2014,117882.02034470346,milex_usd_const2024,sum
Indo-Pacific allies,2015,123562.74052122897,milex_usd_const2024,sum
Indo-Pacific allies,2016,127275.57377077264,milex_usd_const2024,sum
Indo-Pacific allies,2017,129051.7676528684,milex_usd_const2024,sum
Indo-Pacific allies,2018,132542.45649499504,milex_usd_const2024,sum
Indo-Pacific allies,2019,139078.4262151918,milex_usd_const2024,sum
Indo-Pacific allies,2020,143483.80254654528,milex_usd_const2024,sum
Indo-Pacific allies,2021,151712.7950551304,milex_usd_const2024,sum
Indo-Pacific allies,2022,149386.18541415178,milex_usd_const2024,sum
Indo-Pacific allies,2023,156118.00852135132,milex_usd_const2024,sum
Indo-Pacific allies,2024,165327.9896692233,milex_usd_const2024,sum
Indo-Pacific allies,2025,175704.06860706137,milex_usd_const2024,sum
NATO Europe,1949,34938.62654765036,milex_usd_const2024,sum
NATO Europe,1950,76000.27101445754,milex_usd_const2024,sum
NATO Europe,1951,91296.56259010512,milex_usd_const2024,sum
NATO Europe,1952,115101.43382147286,milex_usd_const2024,sum
NATO Europe,1953,145789.4156646365,milex_usd_const2024,sum
NATO Europe,1954,140468.4910503021,milex_usd_const2024,sum
NATO Europe,1955,138223.22435198058,milex_usd_const2024,sum
NATO Europe,1956,143912.70952800428,milex_usd_const2024,sum
NATO Europe,1957,149275.86746808942,milex_usd_const2024,sum
NATO Europe,1958,137733.18430924162,milex_usd_const2024,sum
NATO Europe,1959,150123.98146250832,milex_usd_const2024,sum
NATO Europe,1960,160923.59442931754,milex_usd_const2024,sum
NATO Europe,1961,167187.65913716392,milex_usd_const2024,sum
NATO Europe,1962,183747.55990655904,milex_usd_const2024,sum
NATO Europe,1963,191295.4813530541,milex_usd_const2024,sum
NATO Europe,1964,194671.7462758141,milex_usd_const2024,sum
NATO Europe,1965,195767.09555685206,milex_usd_const2024,sum
NATO Europe,1966,198267.45139331536,milex_usd_const2024,sum
NATO Europe,1967,205405.98588666847,milex_usd_const2024,sum
NATO Europe,1968,202689.08904698322,milex_usd_const2024,sum
NATO Europe,1969,204384.06823037576,milex_usd_const2024,sum
NATO Europe,1970,216219.44525766087,milex_usd_const2024,sum
NATO Europe,1971,224248.87913650845,milex_usd_const2024,sum
NATO Europe,1972,240766.59964398577,milex_usd_const2024,sum
NATO Europe,1973,245172.8777128474,milex_usd_const2024,sum
NATO Europe,1974,252284.14691392897,milex_usd_const2024,sum
NATO Europe,1975,259970.74951045532,milex_usd_const2024,sum
NATO Europe,1976,263062.847096025,milex_usd_const2024,sum
NATO Europe,1977,266651.6022965439,milex_usd_const2024,sum
NATO Europe,1978,275681.3322651912,milex_usd_const2024,sum
NATO Europe,1979,282763.20758516825,milex_usd_const2024,sum
NATO Europe,1980,292852.45880786877,milex_usd_const2024,sum
NATO Europe,1981,297138.57318147464,milex_usd_const2024,sum
NATO Europe,1982,308495.68939589825,milex_usd_const2024,sum
NATO Europe,1983,312582.0983920776,milex_usd_const2024,sum
NATO Europe,1984,316484.7421985989,milex_usd_const2024,sum
NATO Europe,1985,327151.97939096374,milex_usd_const2024,sum
NATO Europe,1986,329587.92398110376,milex_usd_const2024,sum
NATO Europe,1987,333768.80877281004,milex_usd_const2024,sum
NATO Europe,1988,333910.22537804506,milex_usd_const2024,sum
NATO Europe,1989,339410.94940477086,milex_usd_const2024,sum
NATO Europe,1990,335445.52036276733,milex_usd_const2024,sum
NATO Europe,1991,325104.9173239055,milex_usd_const2024,sum
NATO Europe,1992,313865.6331787869,milex_usd_const2024,sum
NATO Europe,1993,306110.2323546694,milex_usd_const2024,sum
NATO Europe,1994,300253.28439356555,milex_usd_const2024,sum
NATO Europe,1995,290006.4070871767,milex_usd_const2024,sum
NATO Europe,1996,291125.1722536716,milex_usd_const2024,sum
NATO Europe,1997,289875.78753792326,milex_usd_const2024,sum
NATO Europe,1998,291713.7697497516,milex_usd_const2024,sum
NATO Europe,1999,297604.8761289575,milex_usd_const2024,sum
NATO Europe,2000,299710.3904301728,milex_usd_const2024,sum
NATO Europe,2001,300299.94035375566,milex_usd_const2024,sum
NATO Europe,2002,306446.8976195503,milex_usd_const2024,sum
NATO Europe,2003,312008.8175282291,milex_usd_const2024,sum
NATO Europe,2004,314134.20827655424,milex_usd_const2024,sum
NATO Europe,2005,313332.42234368005,milex_usd_const2024,sum
NATO Europe,2006,314641.0111937963,milex_usd_const2024,sum
NATO Europe,2007,318151.8763688597,milex_usd_const2024,sum
NATO Europe,2008,323477.6680264397,milex_usd_const2024,sum
NATO Europe,2009,328709.1794697819,milex_usd_const2024,sum
NATO Europe,2010,320414.7730237667,milex_usd_const2024,sum
NATO Europe,2011,309426.4036551397,milex_usd_const2024,sum
NATO Europe,2012,304634.9638472441,milex_usd_const2024,sum
NATO Europe,2013,294426.57282995974,milex_usd_const2024,sum
NATO Europe,2014,292687.2749275222,milex_usd_const2024,sum
NATO Europe,2015,296529.9884955785,milex_usd_const2024,sum
NATO Europe,2016,304291.11726774246,milex_usd_const2024,sum
NATO Europe,2017,312880.72659311164,milex_usd_const2024,sum
NATO Europe,2018,327469.0239584533,milex_usd_const2024,sum
NATO Europe,2019,344013.1567196787,milex_usd_const2024,sum
NATO Europe,2020,359718.28924676805,milex_usd_const2024,sum
NATO Europe,2021,371934.28537764295,milex_usd_const2024,sum
NATO Europe,2022,383696.69456848496,milex_usd_const2024,sum
NATO Europe,2023,417732.8075226258,milex_usd_const2024,sum
NATO Europe,2024,479505.4915411839,milex_usd_const2024,sum
NATO Europe,2025,554250.5032943266,milex_usd_const2024,sum
Russia,1992,47459.48106054603,milex_usd_const2024,sum
Russia,1993,41487.957891654965,milex_usd_const2024,sum
Russia,1994,39220.3301244207,milex_usd_const2024,sum
Russia,1995,25805.44064782807,milex_usd_const2024,sum
Russia,1996,24366.317027217305,milex_usd_const2024,sum
Russia,1997,26638.976359264347,milex_usd_const2024,sum
Russia,1998,15842.015607448539,milex_usd_const2024,sum
Russia,1999,17592.859479679755,milex_usd_const2024,sum
Russia,2000,23736.83056561504,milex_usd_const2024,sum
Russia,2001,25652.409867730334,milex_usd_const2024,sum
Russia,2002,28417.539274321454,milex_usd_const2024,sum
Russia,2003,29796.84321029966,milex_usd_const2024,sum
Russia,2004,31144.104547258477,milex_usd_const2024,sum
Russia,2005,35392.46113230283,milex_usd_const2024,sum
Russia,2006,39174.08333594922,milex_usd_const2024,sum
Russia,2007,42641.04406152182,milex_usd_const2024,sum
Russia,2008,46852.91866365984,milex_usd_const2024,sum
Russia,2009,49157.59410302343,milex_usd_const2024,sum
Russia,2010,50156.8987420204,milex_usd_const2024,sum
Russia,2011,53529.328577253706,milex_usd_const2024,sum
Russia,2012,62021.82597745871,milex_usd_const2024,sum
Russia,2013,65044.3821483514,milex_usd_const2024,sum
Russia,2014,69709.60149174741,milex_usd_const2024,sum
Russia,2015,75132.88741906652,milex_usd_const2024,sum
Russia,2016,80545.6315734127,milex_usd_const2024,sum
Russia,2017,65267.84147446855,milex_usd_const2024,sum
Russia,2018,62808.69875131293,milex_usd_const2024,sum
Russia,2019,65623.94295290334,milex_usd_const2024,sum
Russia,2020,67165.6897219991,milex_usd_const2024,sum
Russia,2021,68496.30738422002,milex_usd_const2024,sum
Russia,2022,88678.70697357978,milex_usd_const2024,sum
Russia,2023,108959.52968754475,milex_usd_const2024,sum
Russia,2024,149401.8739654511,milex_usd_const2024,sum
Russia,2025,158236.35368590037,milex_usd_const2024,sum
United States,1949,181095.54595961623,milex_usd_const2024,sum
United States,1950,194625.01922071318,milex_usd_const2024,sum
United States,1951,416423.76619009074,milex_usd_const2024,sum
United States,1952,586599.3353951831,milex_usd_const2024,sum
United States,1953,603952.7491342905,milex_usd_const2024,sum
United States,1954,521100.5541461824,milex_usd_const2024,sum
United States,1955,493268.10842299985,milex_usd_const2024,sum
United States,1956,499722.011991578,milex_usd_const2024,sum
United States,1957,513981.0695660227,milex_usd_const2024,sum
United States,1958,510931.9214733394,milex_usd_const2024,sum
United States,1959,514510.5616368587,milex_usd_const2024,sum
United States,1960,501847.3740731077,milex_usd_const2024,sum
United States,1961,523074.47174020496,milex_usd_const2024,sum
United States,1962,566782.2473108689,milex_usd_const2024,sum
United States,1963,559063.7952629474,milex_usd_const2024,sum
United States,1964,540424.6027361855,milex_usd_const2024,sum
United States,1965,542791.5123052777,milex_usd_const2024,sum
United States,1966,641790.2905904202,milex_usd_const2024,sum
United States,1967,736820.0824456811,milex_usd_const2024,sum
United States,1968,760483.6159193042,milex_usd_const2024,sum
United States,1969,727077.1448721099,milex_usd_const2024,sum
United States,1970,673817.9354960863,milex_usd_const2024,sum
United States,1971,606251.8121053874,milex_usd_const2024,sum
United States,1972,605379.8776017636,milex_usd_const2024,sum
United States,1973,575307.8276810786,milex_usd_const2024,sum
United States,1974,567795.5315287722,milex_usd_const2024,sum
United States,1975,536613.2655109749,milex_usd_const2024,sum
United States,1976,522016.12892734614,milex_usd_const2024,sum
United States,1977,541716.8569209804,milex_usd_const2024,sum
United States,1978,545143.7197747057,milex_usd_const2024,sum
United States,1979,548272.4602247528,milex_usd_const2024,sum
United States,1980,547007.220510534,milex_usd_const2024,sum
United States,1981,609290.8805095402,milex_usd_const2024,sum
United States,1982,720586.0512928795,milex_usd_const2024,sum
United States,1983,703680.5613919985,milex_usd_const2024,sum
United States,1984,740140.2065523877,milex_usd_const2024,sum
United States,1985,793443.8836968157,milex_usd_const2024,sum
United States,1986,845889.7759974619,milex_usd_const2024,sum
United States,1987,838949.2861300871,milex_usd_const2024,sum
United States,1988,821399.2444562322,milex_usd_const2024,sum
United States,1989,814459.9737453692,milex_usd_const2024,sum
United States,1990,780581.0964313726,milex_usd_const2024,sum
United States,1991,689542.0557902782,milex_usd_const2024,sum
United States,1992,726638.0164097493,milex_usd_const2024,sum
United States,1993,687750.9280501192,milex_usd_const2024,sum
United States,1994,651998.965640133,milex_usd_const2024,sum
United States,1995,609028.6321555362,milex_usd_const2024,sum
United States,1996,575900.8364920784,milex_usd_const2024,sum
United States,1997,572921.6482810033,milex_usd_const2024,sum
United States,1998,559984.9477548694,milex_usd_const2024,sum
United States,1999,561362.9817292582,milex_usd_const2024,sum
United States,2000,583086.5598592585,milex_usd_const2024,sum
United States,2001,587822.184904898,milex_usd_const2024,sum
United States,2002,660012.0108706779,milex_usd_const2024,sum
United States,2003,751202.6688348472,milex_usd_const2024,sum
United States,2004,818750.899893239,milex_usd_const2024,sum
United States,2005,856461.6701506235,milex_usd_const2024,sum
United States,2006,868803.049526678,milex_usd_const2024,sum
United States,2007,891986.0560272832,milex_usd_const2024,sum
United States,2008,956872.4163661142,milex_usd_const2024,sum
United States,2009,1032168.2514445777,milex_usd_const2024,sum
United States,2010,1061674.3326546005,milex_usd_const2024,sum
United States,2011,1049102.957691518,milex_usd_const2024,sum
United States,2012,990830.7401183299,milex_usd_const2024,sum
United States,2013,914617.1883998603,milex_usd_const2024,sum
United States,2014,858357.1260671958,milex_usd_const2024,sum
United States,2015,838865.0602699278,milex_usd_const2024,sum
United States,2016,836290.9486959133,milex_usd_const2024,sum
United States,2017,827674.2656242814,milex_usd_const2024,sum
United States,2018,852585.0459108626,milex_usd_const2024,sum
United States,2019,901032.1194575771,milex_usd_const2024,sum
United States,2020,943446.5779925706,milex_usd_const2024,sum
United States,2021,933334.4804580521,milex_usd_const2024,sum
United States,2022,922552.5241546383,milex_usd_const2024,sum
United States,2023,943032.7844566408,milex_usd_const2024,sum
United States,2024,1004901.0,milex_usd_const2024,sum
United States,2025,929162.8952373267,milex_usd_const2024,sum
China,1989,11251.332630387957,milex_usd_current,sum
China,1990,9926.34925081692,milex_usd_current,sum
China,1991,9802.375366073124,milex_usd_current,sum
China,1992,12244.267842214926,milex_usd_current,sum
China,1993,12360.225860644641,milex_usd_current,sum
China,1994,9867.120066274185,milex_usd_current,sum
China,1995,12385.129474987487,milex_usd_current,sum
China,1996,14275.400819973162,milex_usd_current,sum
China,1997,15699.586768575462,milex_usd_current,sum
China,1998,17031.780199691813,milex_usd_current,sum
China,1999,20473.915094766675,milex_usd_current,sum
China,2000,22237.140151214495,milex_usd_current,sum
China,2001,26561.462998292423,milex_usd_current,sum
China,2002,30284.127409997203,milex_usd_current,sum
China,2003,33144.0004814458,milex_usd_current,sum
China,2004,37904.57182699605,milex_usd_current,sum
China,2005,42789.95365090244,milex_usd_current,sum
China,2006,51453.37323384863,milex_usd_current,sum
China,2007,62136.59075458873,milex_usd_current,sum
China,2008,78840.80281986286,milex_usd_current,sum
China,2009,96601.66675295417,milex_usd_current,sum
China,2010,105522.64810183836,milex_usd_current,sum
China,2011,125286.37316401086,milex_usd_current,sum
China,2012,145127.60959620716,milex_usd_current,sum
China,2013,164070.4693217442,milex_usd_current,sum
China,2014,182109.20461907954,milex_usd_current,sum
China,2015,196538.82723079034,milex_usd_current,sum
China,2016,198704.5694815859,milex_usd_current,sum
China,2017,210662.38771233734,milex_usd_current,sum
China,2018,232542.13654542356,milex_usd_current,sum
China,2019,240319.16152889267,milex_usd_current,sum
China,2020,258019.51336541362,milex_usd_current,sum
China,2021,286064.6305709759,milex_usd_current,sum
China,2022,291568.5336789456,milex_usd_current,sum
China,2023,296256.20913908485,milex_usd_current,sum
China,2024,311900.3506008155,milex_usd_current,sum
China,2025,335524.15562444,milex_usd_current,sum
Hedging middle powers,1951,64.74997410001036,milex_usd_current,sum
Hedging middle powers,1952,74.54997018001193,milex_usd_current,sum
Hedging middle powers,1953,409.73067164437066,milex_usd_current,sum
Hedging middle powers,1954,62.99997480001009,milex_usd_current,sum
Hedging middle powers,1955,67.19997312001075,milex_usd_current,sum
Hedging middle powers,1956,595.3854875855308,milex_usd_current,sum
Hedging middle powers,1957,1404.9517007650525,milex_usd_current,sum
Hedging middle powers,1958,1298.6507480237453,milex_usd_current,sum
Hedging middle powers,1959,1234.795869518501,milex_usd_current,sum
Hedging middle powers,1960,1326.6710365946547,milex_usd_current,sum
Hedging middle powers,1961,1318.5002082169824,milex_usd_current,sum
Hedging middle powers,1962,1767.080646262573,milex_usd_current,sum
Hedging middle powers,1963,2600.9866929604336,milex_usd_current,sum
Hedging middle powers,1964,2820.6445813957716,milex_usd_current,sum
Hedging middle powers,1965,3344.666488442941,milex_usd_current,sum
Hedging middle powers,1966,3152.8993469687907,milex_usd_current,sum
Hedging middle powers,1967,3086.601446942422,milex_usd_current,sum
Hedging middle powers,1968,3228.8476243216396,milex_usd_current,sum
Hedging middle powers,1969,3506.7228515664533,milex_usd_current,sum
Hedging middle powers,1970,4051.8852069521263,milex_usd_current,sum
Hedging middle powers,1971,4759.582388627948,milex_usd_current,sum
Hedging middle powers,1972,5516.855016450164,milex_usd_current,sum
Hedging middle powers,1973,6856.725979947136,milex_usd_current,sum
Hedging middle powers,1974,7109.109003337718,milex_usd_current,sum
Hedging middle powers,1975,8670.205748629345,milex_usd_current,sum
Hedging middle powers,1976,9570.12216150558,milex_usd_current,sum
Hedging middle powers,1977,22122.309048230687,milex_usd_current,sum
Hedging middle powers,1978,24792.112619568852,milex_usd_current,sum
Hedging middle powers,1979,29979.722101636544,milex_usd_current,sum
Hedging middle powers,1980,34776.70199355563,milex_usd_current,sum
Hedging middle powers,1981,40590.423216941126,milex_usd_current,sum
Hedging middle powers,1982,44091.61682259797,milex_usd_current,sum
Hedging middle powers,1983,37961.43015523808,milex_usd_current,sum
Hedging middle powers,1984,38606.63186969916,milex_usd_current,sum
Hedging middle powers,1985,34078.25817283374,milex_usd_current,sum
Hedging middle powers,1986,18445.29207393904,milex_usd_current,sum
Hedging middle powers,1987,38307.58763765039,milex_usd_current,sum
Hedging middle powers,1988,39562.48974261684,milex_usd_current,sum
Hedging middle powers,1989,40580.86468635088,milex_usd_current,sum
Hedging middle powers,1990,45546.11187472228,milex_usd_current,sum
Hedging middle powers,1991,41266.43484923086,milex_usd_current,sum
Hedging middle powers,1992,38433.984710921286,milex_usd_current,sum
Hedging middle powers,1993,41694.82295548936,milex_usd_current,sum
Hedging middle powers,1994,44819.20424458274,milex_usd_current,sum
Hedging middle powers,1995,49161.74709157224,milex_usd_current,sum
Hedging middle powers,1996,49305.733874195386,milex_usd_current,sum
Hedging middle powers,1997,59053.47140915847,milex_usd_current,sum
Hedging middle powers,1998,59653.20080265951,milex_usd_current,sum
Hedging middle powers,1999,55345.26709473406,milex_usd_current,sum
Hedging middle powers,2000,60356.79935103846,milex_usd_current,sum
Hedging middle powers,2001,61320.38901448753,milex_usd_current,sum
Hedging middle powers,2002,58172.165218663984,milex_usd_current,sum
Hedging middle powers,2003,62465.18747640169,milex_usd_current,sum
Hedging middle powers,2004,72055.61716735762,milex_usd_current,sum
Hedging middle powers,2005,83981.02144901488,milex_usd_current,sum
Hedging middle powers,2006,93603.9907210335,milex_usd_current,sum
Hedging middle powers,2007,111818.7646439603,milex_usd_current,sum
Hedging middle powers,2008,127686.31765075654,milex_usd_current,sum
Hedging middle powers,2009,140766.85885405674,milex_usd_current,sum
Hedging middle powers,2010,166364.8202436595,milex_usd_current,sum
Hedging middle powers,2011,181359.1721776904,milex_usd_current,sum
Hedging middle powers,2012,186164.83166941733,milex_usd_current,sum
Hedging middle powers,2013,203145.0228115406,milex_usd_current,sum
Hedging middle powers,2014,218059.09352253008,milex_usd_current,sum
Hedging middle powers,2015,194210.70472782367,milex_usd_current,sum
Hedging middle powers,2016,175431.7326629982,milex_usd_current,sum
Hedging middle powers,2017,196785.82858560776,milex_usd_current,sum
Hedging middle powers,2018,201058.37088942737,milex_usd_current,sum
Hedging middle powers,2019,195208.16874798265,milex_usd_current,sum
Hedging middle powers,2020,189914.9437975709,milex_usd_current,sum
Hedging middle powers,2021,193195.90293539458,milex_usd_current,sum
Hedging middle powers,2022,207703.11874761817,milex_usd_current,sum
Hedging middle powers,2023,221989.74708450056,milex_usd_current,sum
Hedging middle powers,2024,230230.90000422735,milex_usd_current,sum
Hedging middle powers,2025,250246.47308038472,milex_usd_current,sum
Indo-Pacific allies,1950,279.20002732800435,milex_usd_current,sum
Indo-Pacific allies,1951,294.00004704000753,milex_usd_current,sum
Indo-Pacific allies,1952,861.542836049169,milex_usd_current,sum
Indo-Pacific allies,1953,920.0556294755673,milex_usd_current,sum
Indo-Pacific allies,1954,1105.533400085344,milex_usd_current,sum
Indo-Pacific allies,1955,1062.4089580600998,milex_usd_current,sum
Indo-Pacific allies,1956,1242.5842262693818,milex_usd_current,sum
Indo-Pacific allies,1957,1319.9868637244833,milex_usd_current,sum
Indo-Pacific allies,1958,1480.3647207084543,milex_usd_current,sum
Indo-Pacific allies,1959,1529.8142387180374,milex_usd_current,sum
Indo-Pacific allies,1960,1503.8253707443262,milex_usd_current,sum
Indo-Pacific allies,1961,1404.5155639128686,milex_usd_current,sum
Indo-Pacific allies,1962,1473.3048104747288,milex_usd_current,sum
Indo-Pacific allies,1963,1648.3050342711658,milex_usd_current,sum
Indo-Pacific allies,1964,1815.5406371099346,milex_usd_current,sum
Indo-Pacific allies,1965,2055.244300610289,milex_usd_current,sum
Indo-Pacific allies,1966,2459.4302310395874,milex_usd_current,sum
Indo-Pacific allies,1967,2860.3934293449433,milex_usd_current,sum
Indo-Pacific allies,1968,3212.49677893337,milex_usd_current,sum
Indo-Pacific allies,1969,3519.019739847162,milex_usd_current,sum
Indo-Pacific allies,1970,3783.309923374919,milex_usd_current,sum
Indo-Pacific allies,1971,4294.002608264153,milex_usd_current,sum
Indo-Pacific allies,1972,5270.43120392177,milex_usd_current,sum
Indo-Pacific allies,1973,6635.01702609312,milex_usd_current,sum
Indo-Pacific allies,1974,8119.2469541370765,milex_usd_current,sum
Indo-Pacific allies,1975,8542.896390709508,milex_usd_current,sum
Indo-Pacific allies,1976,10676.498865995376,milex_usd_current,sum
Indo-Pacific allies,1977,12645.997094000471,milex_usd_current,sum
Indo-Pacific allies,1978,16616.861685794905,milex_usd_current,sum
Indo-Pacific allies,1979,18327.8758912392,milex_usd_current,sum
Indo-Pacific allies,1980,20279.794430330247,milex_usd_current,sum
Indo-Pacific allies,1981,22697.190759246416,milex_usd_current,sum
Indo-Pacific allies,1982,22381.044988104764,milex_usd_current,sum
Indo-Pacific allies,1983,23605.905715744928,milex_usd_current,sum
Indo-Pacific allies,1984,24652.46694380337,milex_usd_current,sum
Indo-Pacific allies,1985,25126.523917712962,milex_usd_current,sum
Indo-Pacific allies,1986,32309.9364482401,milex_usd_current,sum
Indo-Pacific allies,1987,38017.097877738976,milex_usd_current,sum
Indo-Pacific allies,1988,52597.34071698002,milex_usd_current,sum
Indo-Pacific allies,1989,55731.771152620306,milex_usd_current,sum
Indo-Pacific allies,1990,58539.77849657557,milex_usd_current,sum
Indo-Pacific allies,1991,64570.53364842416,milex_usd_current,sum
Indo-Pacific allies,1992,69477.98285616108,milex_usd_current,sum
Indo-Pacific allies,1993,77314.76154318504,milex_usd_current,sum
Indo-Pacific allies,1994,84200.77874647266,milex_usd_current,sum
Indo-Pacific allies,1995,91878.70216054007,milex_usd_current,sum
Indo-Pacific allies,1996,87479.41033517751,milex_usd_current,sum
Indo-Pacific allies,1997,80767.44816969379,milex_usd_current,sum
Indo-Pacific allies,1998,68951.2446714446,milex_usd_current,sum
Indo-Pacific allies,1999,76925.40185148342,milex_usd_current,sum
Indo-Pacific allies,2000,79427.53290654675,milex_usd_current,sum
Indo-Pacific allies,2001,72364.05873335045,milex_usd_current,sum
Indo-Pacific allies,2002,72762.43241785289,milex_usd_current,sum
Indo-Pacific allies,2003,80002.53814401502,milex_usd_current,sum
Indo-Pacific allies,2004,87385.65150578585,milex_usd_current,sum
Indo-Pacific allies,2005,92239.62881765963,milex_usd_current,sum
Indo-Pacific allies,2006,93688.40461123247,milex_usd_current,sum
Indo-Pacific allies,2007,99885.84762826787,milex_usd_current,sum
Indo-Pacific allies,2008,107483.1461708651,milex_usd_current,sum
Indo-Pacific allies,2009,112040.90424805114,milex_usd_current,sum
Indo-Pacific allies,2010,124529.28651484718,milex_usd_current,sum
Indo-Pacific allies,2011,138145.2736509797,milex_usd_current,sum
Indo-Pacific allies,2012,138936.5560254195,milex_usd_current,sum
Indo-Pacific allies,2013,129009.90468462168,milex_usd_current,sum
Indo-Pacific allies,2014,130722.4588762143,milex_usd_current,sum
Indo-Pacific allies,2015,123030.7241591778,milex_usd_current,sum
Indo-Pacific allies,2016,130257.77419119698,milex_usd_current,sum
Indo-Pacific allies,2017,134489.36607647417,milex_usd_current,sum
Indo-Pacific allies,2018,142004.88327178085,milex_usd_current,sum
Indo-Pacific allies,2019,146102.32408973508,milex_usd_current,sum
Indo-Pacific allies,2020,151633.4117855021,milex_usd_current,sum
Indo-Pacific allies,2021,166703.33477160553,milex_usd_current,sum
Indo-Pacific allies,2022,151394.25893290516,milex_usd_current,sum
Indo-Pacific allies,2023,158550.77705281676,milex_usd_current,sum
Indo-Pacific allies,2024,165327.9896692233,milex_usd_current,sum
Indo-Pacific allies,2025,178661.75511625106,milex_usd_current,sum
NATO Europe,1949,2939.219161140835,milex_usd_current,sum
NATO Europe,1950,5487.991804728289,milex_usd_current,sum
NATO Europe,1951,8377.821074778733,milex_usd_current,sum
NATO Europe,1952,11459.352522933053,milex_usd_current,sum
NATO Europe,1953,14467.624228504847,milex_usd_current,sum
NATO Europe,1954,14287.739266306075,milex_usd_current,sum
NATO Europe,1955,14761.671862004054,milex_usd_current,sum
NATO Europe,1956,15879.244569309507,milex_usd_current,sum
NATO Europe,1957,16799.038725354672,milex_usd_current,sum
NATO Europe,1958,16387.691479342222,milex_usd_current,sum
NATO Europe,1959,17961.312448492048,milex_usd_current,sum
NATO Europe,1960,19113.002194393044,milex_usd_current,sum
NATO Europe,1961,20513.599382329314,milex_usd_current,sum
NATO Europe,1962,23107.413384379466,milex_usd_current,sum
NATO Europe,1963,25039.213343906442,milex_usd_current,sum
NATO Europe,1964,26347.517227453118,milex_usd_current,sum
NATO Europe,1965,27776.308577888067,milex_usd_current,sum
NATO Europe,1966,29353.97976819456,milex_usd_current,sum
NATO Europe,1967,30998.856975499144,milex_usd_current,sum
NATO Europe,1968,31720.011018170182,milex_usd_current,sum
NATO Europe,1969,33493.52083411046,milex_usd_current,sum
NATO Europe,1970,36136.594137929744,milex_usd_current,sum
NATO Europe,1971,40293.85563580021,milex_usd_current,sum
NATO Europe,1972,47154.06762689339,milex_usd_current,sum
NATO Europe,1973,55087.349363028814,milex_usd_current,sum
NATO Europe,1974,61937.568016079276,milex_usd_current,sum
NATO Europe,1975,73413.36930208947,milex_usd_current,sum
NATO Europe,1976,74991.47658661188,milex_usd_current,sum
NATO Europe,1977,84152.15107035766,milex_usd_current,sum
NATO Europe,1978,91250.95564739572,milex_usd_current,sum
NATO Europe,1979,99694.41711681867,milex_usd_current,sum
NATO Europe,1980,114829.16405426209,milex_usd_current,sum
NATO Europe,1981,105605.95991749362,milex_usd_current,sum
NATO Europe,1982,105139.30717155253,milex_usd_current,sum
NATO Europe,1983,101074.12856648791,milex_usd_current,sum
NATO Europe,1984,95477.77138924359,milex_usd_current,sum
NATO Europe,1985,98599.65987228103,milex_usd_current,sum
NATO Europe,1986,126638.83491645934,milex_usd_current,sum
NATO Europe,1987,152369.48325148292,milex_usd_current,sum
NATO Europe,1988,162388.28099003472,milex_usd_current,sum
NATO Europe,1989,161841.37857267202,milex_usd_current,sum
NATO Europe,1990,192763.25817365633,milex_usd_current,sum
NATO Europe,1991,194032.34556785141,milex_usd_current,sum
NATO Europe,1992,200360.93652513638,milex_usd_current,sum
NATO Europe,1993,178374.51163012517,milex_usd_current,sum
NATO Europe,1994,180080.72616895242,milex_usd_current,sum
NATO Europe,1995,194041.88408370537,milex_usd_current,sum
NATO Europe,1996,196272.9950720187,milex_usd_current,sum
NATO Europe,1997,182715.74553812173,milex_usd_current,sum
NATO Europe,1998,185589.06498670392,milex_usd_current,sum
NATO Europe,1999,185017.6358232891,milex_usd_current,sum
NATO Europe,2000,169541.09668694888,milex_usd_current,sum
NATO Europe,2001,165817.36065427598,milex_usd_current,sum
NATO Europe,2002,182977.64002589864,milex_usd_current,sum
NATO Europe,2003,221026.8157366581,milex_usd_current,sum
NATO Europe,2004,250238.6848658133,milex_usd_current,sum
NATO Europe,2005,256462.04255358255,milex_usd_current,sum
NATO Europe,2006,266126.82039428497,milex_usd_current,sum
NATO Europe,2007,301103.0122315628,milex_usd_current,sum
NATO Europe,2008,327876.62527552585,milex_usd_current,sum
NATO Europe,2009,307655.28131497896,milex_usd_current,sum
NATO Europe,2010,297518.83027149417,milex_usd_current,sum
NATO Europe,2011,307826.95079871704,milex_usd_current,sum
NATO Europe,2012,292391.6419845884,milex_usd_current,sum
NATO Europe,2013,293082.34699408605,milex_usd_current,sum
NATO Europe,2014,294616.8968023524,milex_usd_current,sum
NATO Europe,2015,255524.68296896876,milex_usd_current,sum
NATO Europe,2016,255330.79332332232,milex_usd_current,sum
NATO Europe,2017,266290.88195873715,milex_usd_current,sum
NATO Europe,2018,293082.18649972416,milex_usd_current,sum
NATO Europe,2019,296142.1443148247,milex_usd_current,sum
NATO Europe,2020,312754.3348640493,milex_usd_current,sum
NATO Europe,2021,344629.2888758902,milex_usd_current,sum
NATO Europe,2022,341145.9839618186,milex_usd_current,sum
NATO Europe,2023,401501.7811976249,milex_usd_current,sum
NATO Europe,2024,479505.49154118384,milex_usd_current,sum
NATO Europe,2025,589036.3847367371,milex_usd_current,sum
Russia,1993,7766.720078413419,milex_usd_current,sum
Russia,1994,13547.871733424627,milex_usd_current,sum
Russia,1995,12741.629470405669,milex_usd_current,sum
Russia,1996,15826.3406518084,milex_usd_current,sum
Russia,1997,17577.353180646624,milex_usd_current,sum
Russia,1998,7955.730400985875,milex_usd_current,sum
Russia,1999,6469.035211353417,milex_usd_current,sum
Russia,2000,9228.204143736757,milex_usd_current,sum
Russia,2001,11683.151344772614,milex_usd_current,sum
Russia,2002,13943.825063400162,milex_usd_current,sum
Russia,2003,16973.73908510361,milex_usd_current,sum
Russia,2004,20955.41357062786,milex_usd_current,sum
Russia,2005,27336.9772736915,milex_usd_current,sum
Russia,2006,34517.78161891802,milex_usd_current,sum
Russia,2007,43534.99499624719,milex_usd_current,sum
Russia,2008,56183.7853932539,milex_usd_current,sum
Russia,2009,51532.11679751988,milex_usd_current,sum
Russia,2010,58720.22760875794,milex_usd_current,sum
Russia,2011,70237.5239514946,milex_usd_current,sum
Russia,2012,81469.39993125766,milex_usd_current,sum
Russia,2013,88352.89646355981,milex_usd_current,sum
Russia,2014,84696.5046534978,milex_usd_current,sum
Russia,2015,66421.82217992056,milex_usd_current,sum
Russia,2016,69267.53188134487,milex_usd_current,sum
Russia,2017,66887.63516195065,milex_usd_current,sum
Russia,2018,61649.658199488986,milex_usd_current,sum
Russia,2019,65141.250217705616,milex_usd_current,sum
Russia,2020,61883.78992692248,milex_usd_current,sum
Russia,2021,65918.12975065288,milex_usd_current,sum
Russia,2022,104402.51281516519,milex_usd_current,sum
Russia,2023,109203.62473837858,milex_usd_current,sum
Russia,2024,149401.8739654511,milex_usd_current,sum
Russia,2025,190416.6403252106,milex_usd_current,sum
United States,1949,14088.155590698121,milex_usd_current,sum
United States,1950,14926.997114427759,milex_usd_current,sum
United States,1951,34491.619319624464,milex_usd_current,sum
United States,1952,49660.670207068746,milex_usd_current,sum
United States,1953,51516.763578604834,milex_usd_current,sum
United States,1954,44640.14108743315,milex_usd_current,sum
United States,1955,42120.48651055868,milex_usd_current,sum
United States,1956,43311.97534152789,milex_usd_current,sum
United States,1957,46072.64035619034,milex_usd_current,sum
United States,1958,47050.24546531308,milex_usd_current,sum
United States,1959,47819.18352873191,milex_usd_current,sum
United States,1960,47346.55267021261,milex_usd_current,sum
United States,1961,49879.77060505782,milex_usd_current,sum
United States,1962,54650.94260507726,milex_usd_current,sum
United States,1963,54561.21577542459,milex_usd_current,sum
United States,1964,53432.32705816654,milex_usd_current,sum
United States,1965,54561.791263226645,milex_usd_current,sum
United States,1966,66442.75152731784,milex_usd_current,sum
United States,1967,78398.44224052387,milex_usd_current,sum
United States,1968,84329.0312182481,milex_usd_current,sum
United States,1969,84990.16543077372,milex_usd_current,sum
United States,1970,83407.99300488817,milex_usd_current,sum
United States,1971,78237.97989308003,milex_usd_current,sum
United States,1972,80708.07096649353,milex_usd_current,sum
United States,1973,81469.79440758868,milex_usd_current,sum
United States,1974,89278.92033982002,milex_usd_current,sum
United States,1975,92080.92875364717,milex_usd_current,sum
United States,1976,94715.2510797143,milex_usd_current,sum
United States,1977,104665.21897162787,milex_usd_current,sum
United States,1978,113382.06374909346,milex_usd_current,sum
United States,1979,126879.92711675582,milex_usd_current,sum
United States,1980,143688.35487267602,milex_usd_current,sum
United States,1981,176558.87527082098,milex_usd_current,sum
United States,1982,221673.54258401977,milex_usd_current,sum
United States,1983,223427.16500573026,milex_usd_current,sum
United States,1984,245149.168288537,milex_usd_current,sum
United States,1985,272163.2293130574,milex_usd_current,sum
United States,1986,295546.2238035986,milex_usd_current,sum
United States,1987,304086.64868290786,milex_usd_current,sum
United States,1988,309661.2693009537,milex_usd_current,sum
United States,1989,321866.55880832026,milex_usd_current,sum
United States,1990,325129.31398603145,milex_usd_current,sum
United States,1991,299372.7791145914,milex_usd_current,sum
United States,1992,325033.735954804,milex_usd_current,sum
United States,1993,316719.4437474234,milex_usd_current,sum
United States,1994,308084.0,milex_usd_current,sum
United States,1995,295853.0977246614,milex_usd_current,sum
United States,1996,287960.6686789397,milex_usd_current,sum
United States,1997,293167.8257909711,milex_usd_current,sum
United States,1998,290996.05508837773,milex_usd_current,sum
United States,1999,298094.8913224043,milex_usd_current,sum
United States,2000,320086.3242111956,milex_usd_current,sum
United States,2001,331805.61057213676,milex_usd_current,sum
United States,2002,378463.1387538414,milex_usd_current,sum
United States,2003,440532.0695861917,milex_usd_current,sum
United States,2004,492999.3761593967,milex_usd_current,sum
United States,2005,533203.0,milex_usd_current,sum
United States,2006,558335.0,milex_usd_current,sum
United States,2007,589586.0,milex_usd_current,sum
United States,2008,656756.0,milex_usd_current,sum
United States,2009,705917.0,milex_usd_current,sum
United States,2010,738005.0,milex_usd_current,sum
United States,2011,752288.0,milex_usd_current,sum
United States,2012,725205.0,milex_usd_current,sum
United States,2013,679229.0,milex_usd_current,sum
United States,2014,647789.0,milex_usd_current,sum
United States,2015,633829.639,milex_usd_current,sum
United States,2016,639856.443,milex_usd_current,sum
United States,2017,646752.927,milex_usd_current,sum
United States,2018,682491.4,milex_usd_current,sum
United States,2019,734344.1,milex_usd_current,sum
United States,2020,778397.2,milex_usd_current,sum
United States,2021,806230.2,milex_usd_current,sum
United States,2022,860692.2,milex_usd_current,sum
United States,2023,916014.7,milex_usd_current,sum
United States,2024,1004901.0,milex_usd_current,sum
United States,2025,954387.0,milex_usd_current,sum
China,1989,0.024471013153258277,milex_pct_gdp,median
China,1990,0.02454016115527347,milex_pct_gdp,median
China,1991,0.023112434115531464,milex_pct_gdp,median
China,1992,0.02473736316475916,milex_pct_gdp,median
China,1993,0.019882669871606966,milex_pct_gdp,median
China,1994,0.017404449319823254,milex_pct_gdp,median
China,1995,0.01677768445434992,milex_pct_gdp,median
China,1996,0.016436425726093083,milex_pct_gdp,median
China,1997,0.016222696934733924,milex_pct_gdp,median
China,1998,0.016421968604039713,milex_pct_gdp,median
China,1999,0.018547847220009458,milex_pct_gdp,median
China,2000,0.01817122778735756,milex_pct_gdp,median
China,2001,0.019602031124079867,milex_pct_gdp,median
China,2002,0.020327374282708588,milex_pct_gdp,median
China,2003,0.019682847762508397,milex_pct_gdp,median
China,2004,0.01910324373006541,milex_pct_gdp,median
China,2005,0.018463439990556607,milex_pct_gdp,median
China,2006,0.018432182484891747,milex_pct_gdp,median
China,2007,0.017240735848177542,milex_pct_gdp,median
China,2008,0.01689197989115741,milex_pct_gdp,median
China,2009,0.018614565608681282,milex_pct_gdp,median
China,2010,0.01704021933195119,milex_pct_gdp,median
China,2011,0.016330858192468937,milex_pct_gdp,median
China,2012,0.016731971884429406,milex_pct_gdp,median
China,2013,0.016839621267270302,milex_pct_gdp,median
China,2014,0.01706015659415741,milex_pct_gdp,median
China,2015,0.01742239551069861,milex_pct_gdp,median
China,2016,0.01734498714491647,milex_pct_gdp,median
China,2017,0.016802504327741805,milex_pct_gdp,median
China,2018,0.01643666897734351,milex_pct_gdp,median
China,2019,0.016505247515538855,milex_pct_gdp,median
China,2020,0.01720541627513925,milex_pct_gdp,median
China,2021,0.015716370376944837,milex_pct_gdp,median
China,2022,0.015918125379902066,milex_pct_gdp,median
China,2023,0.016215129762345834,milex_pct_gdp,median
China,2024,0.016640184492643748,milex_pct_gdp,median
China,2025,0.01724723316575711,milex_pct_gdp,median
Hedging middle powers,1951,0.016205382639742957,milex_pct_gdp,median
Hedging middle powers,1952,0.017395423288633357,milex_pct_gdp,median
Hedging middle powers,1953,0.02473638362869785,milex_pct_gdp,median
Hedging middle powers,1954,0.012022891585578942,milex_pct_gdp,median
Hedging middle powers,1955,0.012160518848804215,milex_pct_gdp,median
Hedging middle powers,1956,0.016564962250555718,milex_pct_gdp,median
Hedging middle powers,1957,0.03110305306281701,milex_pct_gdp,median
Hedging middle powers,1958,0.02993516103838286,milex_pct_gdp,median
Hedging middle powers,1959,0.02549717508162317,milex_pct_gdp,median
Hedging middle powers,1960,0.02340226425140904,milex_pct_gdp,median
Hedging middle powers,1961,0.021536346868227738,milex_pct_gdp,median
Hedging middle powers,1962,0.023267603057711694,milex_pct_gdp,median
Hedging middle powers,1963,0.024206142634044768,milex_pct_gdp,median
Hedging middle powers,1964,0.03163551972639551,milex_pct_gdp,median
Hedging middle powers,1965,0.03871414913957935,milex_pct_gdp,median
Hedging middle powers,1966,0.03572370645924924,milex_pct_gdp,median
Hedging middle powers,1967,0.03223923721467784,milex_pct_gdp,median
Hedging middle powers,1968,0.0324556858467412,milex_pct_gdp,median
Hedging middle powers,1969,0.031408145580589256,milex_pct_gdp,median
Hedging middle powers,1970,0.04175227414760586,milex_pct_gdp,median
Hedging middle powers,1971,0.0451244829786769,milex_pct_gdp,median
Hedging middle powers,1972,0.04348425207434299,milex_pct_gdp,median
Hedging middle powers,1973,0.035154432316417274,milex_pct_gdp,median
Hedging middle powers,1974,0.03144012803021695,milex_pct_gdp,median
Hedging middle powers,1975,0.03704776744714376,milex_pct_gdp,median
Hedging middle powers,1976,0.03729327898666336,milex_pct_gdp,median
Hedging middle powers,1977,0.04854669140383426,milex_pct_gdp,median
Hedging middle powers,1978,0.037111334002006016,milex_pct_gdp,median
Hedging middle powers,1979,0.0367051525073238,milex_pct_gdp,median
Hedging middle powers,1980,0.03304633660714713,milex_pct_gdp,median
Hedging middle powers,1981,0.03638129162703825,milex_pct_gdp,median
Hedging middle powers,1982,0.03614093296419316,milex_pct_gdp,median
Hedging middle powers,1983,0.03604648204989062,milex_pct_gdp,median
Hedging middle powers,1984,0.03695606959415467,milex_pct_gdp,median
Hedging middle powers,1985,0.035690302776082976,milex_pct_gdp,median
Hedging middle powers,1986,0.03522155078476456,milex_pct_gdp,median
Hedging middle powers,1987,0.04169835015000734,milex_pct_gdp,median
Hedging middle powers,1988,0.04138268522818259,milex_pct_gdp,median
Hedging middle powers,1989,0.03946032234185619,milex_pct_gdp,median
Hedging middle powers,1990,0.03521283044239437,milex_pct_gdp,median
Hedging middle powers,1991,0.03210958757289208,milex_pct_gdp,median
Hedging middle powers,1992,0.029020361751943478,milex_pct_gdp,median
Hedging middle powers,1993,0.02659532971843808,milex_pct_gdp,median
Hedging middle powers,1994,0.02657014515978972,milex_pct_gdp,median
Hedging middle powers,1995,0.025784835724606908,milex_pct_gdp,median
Hedging middle powers,1996,0.02400564375009853,milex_pct_gdp,median
Hedging middle powers,1997,0.023666455384047026,milex_pct_gdp,median
Hedging middle powers,1998,0.021948016682759988,milex_pct_gdp,median
Hedging middle powers,1999,0.025293386038636196,milex_pct_gdp,median
Hedging middle powers,2000,0.02339828026680993,milex_pct_gdp,median
Hedging middle powers,2001,0.025046791789573964,milex_pct_gdp,median
Hedging middle powers,2002,0.02522999113678875,milex_pct_gdp,median
Hedging middle powers,2003,0.02614806731157273,milex_pct_gdp,median
Hedging middle powers,2004,0.022630619684082625,milex_pct_gdp,median
Hedging middle powers,2005,0.021739290405424796,milex_pct_gdp,median
Hedging middle powers,2006,0.020075974014005092,milex_pct_gdp,median
Hedging middle powers,2007,0.023047573367640677,milex_pct_gdp,median
Hedging middle powers,2008,0.020701749392189706,milex_pct_gdp,median
Hedging middle powers,2009,0.02728520425901902,milex_pct_gdp,median
Hedging middle powers,2010,0.018393388539789644,milex_pct_gdp,median
Hedging middle powers,2011,0.01755284839188683,milex_pct_gdp,median
Hedging middle powers,2012,0.02422944517749452,milex_pct_gdp,median
Hedging middle powers,2013,0.025488248901417033,milex_pct_gdp,median
Hedging middle powers,2014,0.0241150974461344,milex_pct_gdp,median
Hedging middle powers,2015,0.01980674243821543,milex_pct_gdp,median
Hedging middle powers,2016,0.01922634958498393,milex_pct_gdp,median
Hedging middle powers,2017,0.01845191424214633,milex_pct_gdp,median
Hedging middle powers,2018,0.018463887502623715,milex_pct_gdp,median
Hedging middle powers,2019,0.017764554127586582,milex_pct_gdp,median
Hedging middle powers,2020,0.016961746894749392,milex_pct_gdp,median
Hedging middle powers,2021,0.016013789099503635,milex_pct_gdp,median
Hedging middle powers,2022,0.01384009487671426,milex_pct_gdp,median
Hedging middle powers,2023,0.014141756443810993,milex_pct_gdp,median
Hedging middle powers,2024,0.01420174028582121,milex_pct_gdp,median
Hedging middle powers,2025,0.016041475715049408,milex_pct_gdp,median
Indo-Pacific allies,1950,0.028779014908473295,milex_pct_gdp,median
Indo-Pacific allies,1951,0.037350597609561755,milex_pct_gdp,median
Indo-Pacific allies,1952,0.036257651843865854,milex_pct_gdp,median
Indo-Pacific allies,1953,0.02362869198312236,milex_pct_gdp,median
Indo-Pacific allies,1954,0.03968253968253968,milex_pct_gdp,median
Indo-Pacific allies,1955,0.0385961403859614,milex_pct_gdp,median
Indo-Pacific allies,1956,0.0338972873520475,milex_pct_gdp,median
Indo-Pacific allies,1957,0.03317213879697972,milex_pct_gdp,median
Indo-Pacific allies,1958,0.030369563265653182,milex_pct_gdp,median
Indo-Pacific allies,1959,0.02916025969299864,milex_pct_gdp,median
Indo-Pacific allies,1960,0.024174050263106588,milex_pct_gdp,median
Indo-Pacific allies,1961,0.02256408319460524,milex_pct_gdp,median
Indo-Pacific allies,1962,0.023368160077591134,milex_pct_gdp,median
Indo-Pacific allies,1963,0.023224618353326405,milex_pct_gdp,median
Indo-Pacific allies,1964,0.02451429551846645,milex_pct_gdp,median
Indo-Pacific allies,1965,0.02340738878582852,milex_pct_gdp,median
Indo-Pacific allies,1966,0.02402317534000098,milex_pct_gdp,median
Indo-Pacific allies,1967,0.025252659588265693,milex_pct_gdp,median
Indo-Pacific allies,1968,0.027411214217864334,milex_pct_gdp,median
Indo-Pacific allies,1969,0.027787958681512945,milex_pct_gdp,median
Indo-Pacific allies,1970,0.027990328775747635,milex_pct_gdp,median
Indo-Pacific allies,1971,0.025399261599487022,milex_pct_gdp,median
Indo-Pacific allies,1972,0.025108887687686463,milex_pct_gdp,median
Indo-Pacific allies,1973,0.025965758619538495,milex_pct_gdp,median
Indo-Pacific allies,1974,0.02459120629137398,milex_pct_gdp,median
Indo-Pacific allies,1975,0.022673155925373525,milex_pct_gdp,median
Indo-Pacific allies,1976,0.031314209858016855,milex_pct_gdp,median
Indo-Pacific allies,1977,0.03481773350184621,milex_pct_gdp,median
Indo-Pacific allies,1978,0.025817672188170136,milex_pct_gdp,median
Indo-Pacific allies,1979,0.029649310710985873,milex_pct_gdp,median
Indo-Pacific allies,1980,0.030227905358385525,milex_pct_gdp,median
Indo-Pacific allies,1981,0.027557209619454823,milex_pct_gdp,median
Indo-Pacific allies,1982,0.02597287949630648,milex_pct_gdp,median
Indo-Pacific allies,1983,0.02519811819165262,milex_pct_gdp,median
Indo-Pacific allies,1984,0.025052336507001262,milex_pct_gdp,median
Indo-Pacific allies,1985,0.025232683787051655,milex_pct_gdp,median
Indo-Pacific allies,1986,0.025404297515786677,milex_pct_gdp,median
Indo-Pacific allies,1987,0.02407276689121795,milex_pct_gdp,median
Indo-Pacific allies,1988,0.024588892142215414,milex_pct_gdp,median
Indo-Pacific allies,1989,0.022429233967695507,milex_pct_gdp,median
Indo-Pacific allies,1990,0.023111817921109577,milex_pct_gdp,median
Indo-Pacific allies,1991,0.022787989951752463,milex_pct_gdp,median
Indo-Pacific allies,1992,0.02164693163810747,milex_pct_gdp,median
Indo-Pacific allies,1993,0.021723774068362157,milex_pct_gdp,median
Indo-Pacific allies,1994,0.021724465866869866,milex_pct_gdp,median
Indo-Pacific allies,1995,0.022737823729036995,milex_pct_gdp,median
Indo-Pacific allies,1996,0.02151525081355278,milex_pct_gdp,median
Indo-Pacific allies,1997,0.019144613761672036,milex_pct_gdp,median
Indo-Pacific allies,1998,0.01856368281244583,milex_pct_gdp,median
Indo-Pacific allies,1999,0.016484751492483636,milex_pct_gdp,median
Indo-Pacific allies,2000,0.016082266208679637,milex_pct_gdp,median
Indo-Pacific allies,2001,0.015003721239568652,milex_pct_gdp,median
Indo-Pacific allies,2002,0.014738901879336819,milex_pct_gdp,median
Indo-Pacific allies,2003,0.015508448291790882,milex_pct_gdp,median
Indo-Pacific allies,2004,0.01360626509706625,milex_pct_gdp,median
Indo-Pacific allies,2005,0.01277883936432608,milex_pct_gdp,median
Indo-Pacific allies,2006,0.012590953916093009,milex_pct_gdp,median
Indo-Pacific allies,2007,0.0129142591630931,milex_pct_gdp,median
Indo-Pacific allies,2008,0.012526618871941888,milex_pct_gdp,median
Indo-Pacific allies,2009,0.01540347609151742,milex_pct_gdp,median
Indo-Pacific allies,2010,0.015225558657537993,milex_pct_gdp,median
Indo-Pacific allies,2011,0.013906345033173086,milex_pct_gdp,median
Indo-Pacific allies,2012,0.013898888834686152,milex_pct_gdp,median
Indo-Pacific allies,2013,0.013452509198542734,milex_pct_gdp,median
Indo-Pacific allies,2014,0.0137997604796617,milex_pct_gdp,median
Indo-Pacific allies,2015,0.013373267972545825,milex_pct_gdp,median
Indo-Pacific allies,2016,0.013251669596944547,milex_pct_gdp,median
Indo-Pacific allies,2017,0.013362761995958383,milex_pct_gdp,median
Indo-Pacific allies,2018,0.013263935154752072,milex_pct_gdp,median
Indo-Pacific allies,2019,0.013272981400838635,milex_pct_gdp,median
Indo-Pacific allies,2020,0.014607792810796539,milex_pct_gdp,median
Indo-Pacific allies,2021,0.014191728842427049,milex_pct_gdp,median
Indo-Pacific allies,2022,0.013163013553826252,milex_pct_gdp,median
Indo-Pacific allies,2023,0.011996095257746975,milex_pct_gdp,median
Indo-Pacific allies,2024,0.012946292015779863,milex_pct_gdp,median
Indo-Pacific allies,2025,0.014116699864430388,milex_pct_gdp,median
NATO Europe,1949,0.02709233360181592,milex_pct_gdp,median
NATO Europe,1950,0.023555413099580837,milex_pct_gdp,median
NATO Europe,1951,0.0341265899015671,milex_pct_gdp,median
NATO Europe,1952,0.040012085458109,milex_pct_gdp,median
NATO Europe,1953,0.03947962978851129,milex_pct_gdp,median
NATO Europe,1954,0.03627547496825648,milex_pct_gdp,median
NATO Europe,1955,0.03517545308651458,milex_pct_gdp,median
NATO Europe,1956,0.03395179393865215,milex_pct_gdp,median
NATO Europe,1957,0.03586570021881838,milex_pct_gdp,median
NATO Europe,1958,0.02959622385756683,milex_pct_gdp,median
NATO Europe,1959,0.03236114883260634,milex_pct_gdp,median
NATO Europe,1960,0.032988917325878386,milex_pct_gdp,median
NATO Europe,1961,0.03489841702546477,milex_pct_gdp,median
NATO Europe,1962,0.034979178020597884,milex_pct_gdp,median
NATO Europe,1963,0.03301985009542347,milex_pct_gdp,median
NATO Europe,1964,0.033179684340429116,milex_pct_gdp,median
NATO Europe,1965,0.03448200719951057,milex_pct_gdp,median
NATO Europe,1966,0.03257132701339999,milex_pct_gdp,median
NATO Europe,1967,0.03386068641077729,milex_pct_gdp,median
NATO Europe,1968,0.032659452378641034,milex_pct_gdp,median
NATO Europe,1969,0.03154133251386316,milex_pct_gdp,median
NATO Europe,1970,0.02998671695643579,milex_pct_gdp,median
NATO Europe,1971,0.030460341391126158,milex_pct_gdp,median
NATO Europe,1972,0.03152830999241273,milex_pct_gdp,median
NATO Europe,1973,0.03006993006993007,milex_pct_gdp,median
NATO Europe,1974,0.030355353426347032,milex_pct_gdp,median
NATO Europe,1975,0.030816031384543776,milex_pct_gdp,median
NATO Europe,1976,0.030031129022301786,milex_pct_gdp,median
NATO Europe,1977,0.029553264604810996,milex_pct_gdp,median
NATO Europe,1978,0.02841318929136992,milex_pct_gdp,median
NATO Europe,1979,0.028402328282409267,milex_pct_gdp,median
NATO Europe,1980,0.0271831415765571,milex_pct_gdp,median
NATO Europe,1981,0.02888152529013152,milex_pct_gdp,median
NATO Europe,1982,0.029369955404302837,milex_pct_gdp,median
NATO Europe,1983,0.028757655093147597,milex_pct_gdp,median
NATO Europe,1984,0.028871952451915116,milex_pct_gdp,median
NATO Europe,1985,0.028926637038079704,milex_pct_gdp,median
NATO Europe,1986,0.02792908333923876,milex_pct_gdp,median
NATO Europe,1987,0.027610727509381903,milex_pct_gdp,median
NATO Europe,1988,0.026197914043173086,milex_pct_gdp,median
NATO Europe,1989,0.025174039055058887,milex_pct_gdp,median
NATO Europe,1990,0.02563538027090413,milex_pct_gdp,median
NATO Europe,1991,0.02251650225202113,milex_pct_gdp,median
NATO Europe,1992,0.02230999443207127,milex_pct_gdp,median
NATO Europe,1993,0.020041160292530284,milex_pct_gdp,median
NATO Europe,1994,0.01926289994957653,milex_pct_gdp,median
NATO Europe,1995,0.017297548186553553,milex_pct_gdp,median
NATO Europe,1996,0.0165758607725057,milex_pct_gdp,median
NATO Europe,1997,0.01618935237928955,milex_pct_gdp,median
NATO Europe,1998,0.016362128225654384,milex_pct_gdp,median
NATO Europe,1999,0.015698534458632615,milex_pct_gdp,median
NATO Europe,2000,0.01653704324558521,milex_pct_gdp,median
NATO Europe,2001,0.01629584032936135,milex_pct_gdp,median
NATO Europe,2002,0.016286522337168385,milex_pct_gdp,median
NATO Europe,2003,0.016822033495096835,milex_pct_gdp,median
NATO Europe,2004,0.016557688336258647,milex_pct_gdp,median
NATO Europe,2005,0.01584838238138847,milex_pct_gdp,median
NATO Europe,2006,0.015275311305499977,milex_pct_gdp,median
NATO Europe,2007,0.014538630421949113,milex_pct_gdp,median
NATO Europe,2008,0.014380266013679475,milex_pct_gdp,median
NATO Europe,2009,0.01532465850354683,milex_pct_gdp,median
NATO Europe,2010,0.01444414127616389,milex_pct_gdp,median
NATO Europe,2011,0.013131697725561279,milex_pct_gdp,median
NATO Europe,2012,0.013415560527855485,milex_pct_gdp,median
NATO Europe,2013,0.012792097469643895,milex_pct_gdp,median
NATO Europe,2014,0.012485183896812375,milex_pct_gdp,median
NATO Europe,2015,0.011664439841866537,milex_pct_gdp,median
NATO Europe,2016,0.01270188532449595,milex_pct_gdp,median
NATO Europe,2017,0.01253468559777066,milex_pct_gdp,median
NATO Europe,2018,0.0134602326738658,milex_pct_gdp,median
NATO Europe,2019,0.01354995244038832,milex_pct_gdp,median
NATO Europe,2020,0.016247241207987817,milex_pct_gdp,median
NATO Europe,2021,0.015135665586086082,milex_pct_gdp,median
NATO Europe,2022,0.015773888543762014,milex_pct_gdp,median
NATO Europe,2023,0.016939745917608315,milex_pct_gdp,median
NATO Europe,2024,0.019589253252011933,milex_pct_gdp,median
NATO Europe,2025,0.020346520830043492,milex_pct_gdp,median
Russia,1992,0.04427032321253673,milex_pct_gdp,median
Russia,1993,0.041813246471226924,milex_pct_gdp,median
Russia,1994,0.04523700655387898,milex_pct_gdp,median
Russia,1995,0.0378442996742671,milex_pct_gdp,median
Russia,1996,0.03756558820802818,milex_pct_gdp,median
Russia,1997,0.04039809296781883,milex_pct_gdp,median
Russia,1998,0.027326490886568747,milex_pct_gdp,median
Russia,1999,0.030732879223510798,milex_pct_gdp,median
Russia,2000,0.033070298366754146,milex_pct_gdp,median
Russia,2001,0.035463192290881844,milex_pct_gdp,median
Russia,2002,0.037562773910801754,milex_pct_gdp,median
Russia,2003,0.03670838089601037,milex_pct_gdp,median
Russia,2004,0.03300353646604828,milex_pct_gdp,median
Russia,2005,0.03331237234416593,milex_pct_gdp,median
Russia,2006,0.03246357234058381,milex_pct_gdp,median
Russia,2007,0.03118542074775401,milex_pct_gdp,median
Russia,2008,0.031494860200222165,milex_pct_gdp,median
Russia,2009,0.039240634030283446,milex_pct_gdp,median
Russia,2010,0.03585085720121125,milex_pct_gdp,median
Russia,2011,0.034330438376013066,milex_pct_gdp,median
Russia,2012,0.036892404345990726,milex_pct_gdp,median
Russia,2013,0.03854042583143728,milex_pct_gdp,median
Russia,2014,0.04112992978223226,milex_pct_gdp,median
Russia,2015,0.04871514746802024,milex_pct_gdp,median
Russia,2016,0.05425147705045051,milex_pct_gdp,median
Russia,2017,0.042489960517394815,milex_pct_gdp,median
Russia,2018,0.037198224395643395,milex_pct_gdp,median
Russia,2019,0.03847420113893796,milex_pct_gdp,median
Russia,2020,0.04144717132419845,milex_pct_gdp,median
Russia,2021,0.036036875729172954,milex_pct_gdp,median
Russia,2022,0.04555854428668226,milex_pct_gdp,median
Russia,2023,0.05271702793917057,milex_pct_gdp,median
Russia,2024,0.06874152711397948,milex_pct_gdp,median
Russia,2025,0.07501484654936362,milex_pct_gdp,median
United States,1949,0.05272020054522639,milex_pct_gdp,median
United States,1950,0.05081963440097969,milex_pct_gdp,median
United States,1951,0.1016702117011775,milex_pct_gdp,median
United States,1952,0.13860080995553656,milex_pct_gdp,median
United States,1953,0.13580272460420412,milex_pct_gdp,median
United States,1954,0.11736595527128474,milex_pct_gdp,median
United States,1955,0.10156244863598451,milex_pct_gdp,median
United States,1956,0.09901011622248919,milex_pct_gdp,median
United States,1957,0.09992439485157588,milex_pct_gdp,median
United States,1958,0.10071763987009115,milex_pct_gdp,median
United States,1959,0.09438772963973731,milex_pct_gdp,median
United States,1960,0.08993124587152782,milex_pct_gdp,median
United States,1961,0.09156031500171231,milex_pct_gdp,median
United States,1962,0.09331672945458425,milex_pct_gdp,median
United States,1963,0.08831891186180177,milex_pct_gdp,median
United States,1964,0.08051281105728403,milex_pct_gdp,median
United States,1965,0.07587247177226024,milex_pct_gdp,median
United States,1966,0.08435300285945073,milex_pct_gdp,median
United States,1967,0.0941779593255137,milex_pct_gdp,median
United States,1968,0.09268454274687926,milex_pct_gdp,median
United States,1969,0.08633263795091037,milex_pct_gdp,median
United States,1970,0.08032743584040851,milex_pct_gdp,median
United States,1971,0.0694306960936061,milex_pct_gdp,median
United States,1972,0.06519756924347163,milex_pct_gdp,median
United States,1973,0.05893870591167396,milex_pct_gdp,median
United States,1974,0.05954111196760147,milex_pct_gdp,median
United States,1975,0.05622679096133358,milex_pct_gdp,median
United States,1976,0.05191071429025546,milex_pct_gdp,median
United States,1977,0.05155617351271249,milex_pct_gdp,median
United States,1978,0.04943087247916881,milex_pct_gdp,median
United States,1979,0.04951991535272649,milex_pct_gdp,median
United States,1980,0.05153537466516365,milex_pct_gdp,median
United States,1981,0.05646541256242576,milex_pct_gdp,median
United States,1982,0.06814057094412844,milex_pct_gdp,median
United States,1983,0.06321144259767165,milex_pct_gdp,median
United States,1984,0.06236416529638966,milex_pct_gdp,median
United States,1985,0.06453219204668603,milex_pct_gdp,median
United States,1986,0.06626522657898423,milex_pct_gdp,median
United States,1987,0.06420274022884877,milex_pct_gdp,median
United States,1988,0.06071277702094799,milex_pct_gdp,median
United States,1989,0.05871206008046527,milex_pct_gdp,median
United States,1990,0.056051752943879415,milex_pct_gdp,median
United States,1991,0.04883429397763131,milex_pct_gdp,median
United States,1992,0.04970466807682841,milex_pct_gdp,median
United States,1993,0.046043502950764446,milex_pct_gdp,median
United States,1994,0.04215264675177903,milex_pct_gdp,median
United States,1995,0.038602457917389046,milex_pct_gdp,median
United States,1996,0.03554982206352185,milex_pct_gdp,median
United States,1997,0.03405562244188548,milex_pct_gdp,median
United States,1998,0.032015584989699614,milex_pct_gdp,median
United States,1999,0.030856767832474617,milex_pct_gdp,median
United States,2000,0.031122421469767913,milex_pct_gdp,median
United States,2001,0.031238098026670255,milex_pct_gdp,median
United States,2002,0.034476180992877845,milex_pct_gdp,median
United States,2003,0.03827161044736226,milex_pct_gdp,median
United States,2004,0.04016312736406917,milex_pct_gdp,median
United States,2005,0.040892318752450786,milex_pct_gdp,median
United States,2006,0.040413423016603785,milex_pct_gdp,median
United States,2007,0.0407335051467688,milex_pct_gdp,median
United States,2008,0.04446595521562609,milex_pct_gdp,median
United States,2009,0.048757683587977364,milex_pct_gdp,median
United States,2010,0.049040230059583474,milex_pct_gdp,median
United States,2011,0.048224419760045226,milex_pct_gdp,median
United States,2012,0.04461709969933499,milex_pct_gdp,median
United States,2013,0.04023705604381548,milex_pct_gdp,median
United States,2014,0.036789181738764505,milex_pct_gdp,median
United States,2015,0.03464492925642766,milex_pct_gdp,median
United States,2016,0.034026023357511766,milex_pct_gdp,median
United States,2017,0.032977234873791963,milex_pct_gdp,median
United States,2018,0.033040005391034966,milex_pct_gdp,median
United States,2019,0.0340921408383721,milex_pct_gdp,median
United States,2020,0.03641576369415299,milex_pct_gdp,median
United States,2021,0.03398138103344754,milex_pct_gdp,median
United States,2022,0.03303415625692068,milex_pct_gdp,median
United States,2023,0.03293652410258671,milex_pct_gdp,median
United States,2024,0.034299288721725184,milex_pct_gdp,median
United States,2025,0.031173079810605936,milex_pct_gdp,median
China,1989,10.00611447065982,milex_per_capita_usd,median
China,1990,8.680397220674235,milex_per_capita_usd,median
China,1991,8.423968508806531,milex_per_capita_usd,median
China,1992,10.394575042083718,milex_per_capita_usd,median
China,1993,10.376275944142252,milex_per_capita_usd,median
China,1994,8.199255572057357,milex_per_capita_usd,median
China,1995,10.196966367601911,milex_per_capita_usd,median
China,1996,11.646939936917736,milex_per_capita_usd,median
China,1997,12.699759075488295,milex_per_capita_usd,median
China,1998,13.668421097891615,milex_per_capita_usd,median
China,1999,16.305738057351586,milex_per_capita_usd,median
China,2000,17.58256259709195,milex_per_capita_usd,median
China,2001,20.841748626873887,milex_per_capita_usd,median
China,2002,23.603882067477407,milex_per_capita_usd,median
China,2003,25.678711469801204,milex_per_capita_usd,median
China,2004,29.19518948898397,milex_per_capita_usd,median
China,2005,32.767016032969195,milex_per_capita_usd,median
China,2006,39.15277360172509,milex_per_capita_usd,median
China,2007,47.00413684712266,milex_per_capita_usd,median
China,2008,59.29269076599172,milex_per_capita_usd,median
China,2009,72.20105695856348,milex_per_capita_usd,median
China,2010,78.33367294902006,milex_per_capita_usd,median
China,2011,92.39195242342244,milex_per_capita_usd,median
China,2012,106.36188365113658,milex_per_capita_usd,median
China,2013,119.36116342198967,milex_per_capita_usd,median
China,2014,131.63463475700004,milex_per_capita_usd,median
China,2015,141.145094557774,milex_per_capita_usd,median
China,2016,141.9512166533557,milex_per_capita_usd,median
China,2017,149.5866820136091,milex_per_capita_usd,median
China,2018,164.17678305280694,milex_per_capita_usd,median
China,2019,169.0477898826028,milex_per_capita_usd,median
China,2020,181.0109619815437,milex_per_capita_usd,median
China,2021,200.49717825428866,milex_per_capita_usd,median
China,2022,204.45193417575388,milex_per_capita_usd,median
China,2023,208.00697370177338,milex_per_capita_usd,median
China,2024,219.50763094676267,milex_per_capita_usd,median
China,2025,236.66233706007665,milex_per_capita_usd,median
Hedging middle powers,1988,46.488347358676386,milex_per_capita_usd,median
Hedging middle powers,1989,60.05445478389308,milex_per_capita_usd,median
Hedging middle powers,1990,63.24799869303081,milex_per_capita_usd,median
Hedging middle powers,1991,65.68939255974712,milex_per_capita_usd,median
Hedging middle powers,1992,60.01363016059678,milex_per_capita_usd,median
Hedging middle powers,1993,60.8342197661196,milex_per_capita_usd,median
Hedging middle powers,1994,73.22997209632248,milex_per_capita_usd,median
Hedging middle powers,1995,89.21613609825157,milex_per_capita_usd,median
Hedging middle powers,1996,86.3530237922247,milex_per_capita_usd,median
Hedging middle powers,1997,91.5918133162763,milex_per_capita_usd,median
Hedging middle powers,1998,69.53062765299872,milex_per_capita_usd,median
Hedging middle powers,1999,66.45188243211805,milex_per_capita_usd,median
Hedging middle powers,2000,66.58908568503799,milex_per_capita_usd,median
Hedging middle powers,2001,72.81770937197531,milex_per_capita_usd,median
Hedging middle powers,2002,74.22355280923856,milex_per_capita_usd,median
Hedging middle powers,2003,53.33972561122851,milex_per_capita_usd,median
Hedging middle powers,2004,63.58272891001683,milex_per_capita_usd,median
Hedging middle powers,2005,73.97548066564433,milex_per_capita_usd,median
Hedging middle powers,2006,88.34766993879882,milex_per_capita_usd,median
Hedging middle powers,2007,109.18699035898678,milex_per_capita_usd,median
Hedging middle powers,2008,129.05011815403643,milex_per_capita_usd,median
Hedging middle powers,2009,134.11084094433946,milex_per_capita_usd,median
Hedging middle powers,2010,135.7283093188591,milex_per_capita_usd,median
Hedging middle powers,2011,162.28830804661325,milex_per_capita_usd,median
Hedging middle powers,2012,153.25791055801284,milex_per_capita_usd,median
Hedging middle powers,2013,164.31710790181867,milex_per_capita_usd,median
Hedging middle powers,2014,161.64470867889287,milex_per_capita_usd,median
Hedging middle powers,2015,94.39682502222314,milex_per_capita_usd,median
Hedging middle powers,2016,93.69857284158212,milex_per_capita_usd,median
Hedging middle powers,2017,88.33022436804089,milex_per_capita_usd,median
Hedging middle powers,2018,88.77788825311103,milex_per_capita_usd,median
Hedging middle powers,2019,86.70739824630593,milex_per_capita_usd,median
Hedging middle powers,2020,83.73821146831945,milex_per_capita_usd,median
Hedging middle powers,2021,84.0496509707138,milex_per_capita_usd,median
Hedging middle powers,2022,84.63574996569145,milex_per_capita_usd,median
Hedging middle powers,2023,91.47525952403112,milex_per_capita_usd,median
Hedging middle powers,2024,92.20588218414227,milex_per_capita_usd,median
Hedging middle powers,2025,108.1366868396178,milex_per_capita_usd,median
Indo-Pacific allies,1988,230.85643714216218,milex_per_capita_usd,median
Indo-Pacific allies,1989,227.86834507327652,milex_per_capita_usd,median
Indo-Pacific allies,1990,233.83725729708075,milex_per_capita_usd,median
Indo-Pacific allies,1991,265.17904514214155,milex_per_capita_usd,median
Indo-Pacific allies,1992,260.76231083016165,milex_per_capita_usd,median
Indo-Pacific allies,1993,276.4904443899396,milex_per_capita_usd,median
Indo-Pacific allies,1994,300.36636606093094,milex_per_capita_usd,median
Indo-Pacific allies,1995,355.452655037218,milex_per_capita_usd,median
Indo-Pacific allies,1996,350.05573269582453,milex_per_capita_usd,median
Indo-Pacific allies,1997,322.1873639101251,milex_per_capita_usd,median
Indo-Pacific allies,1998,255.2515619589469,milex_per_capita_usd,median
Indo-Pacific allies,1999,260.8314506224777,milex_per_capita_usd,median
Indo-Pacific allies,2000,295.97621777626756,milex_per_capita_usd,median
Indo-Pacific allies,2001,275.92085495046126,milex_per_capita_usd,median
Indo-Pacific allies,2002,298.8743064613689,milex_per_capita_usd,median
Indo-Pacific allies,2003,330.3109182899958,milex_per_capita_usd,median
Indo-Pacific allies,2004,345.00318434556334,milex_per_capita_usd,median
Indo-Pacific allies,2005,346.42691917559847,milex_per_capita_usd,median
Indo-Pacific allies,2006,326.84775443072084,milex_per_capita_usd,median
Indo-Pacific allies,2007,355.1929191066848,milex_per_capita_usd,median
Indo-Pacific allies,2008,361.8387155014782,milex_per_capita_usd,median
Indo-Pacific allies,2009,394.5124369870918,milex_per_capita_usd,median
Indo-Pacific allies,2010,406.02314446008484,milex_per_capita_usd,median
Indo-Pacific allies,2011,443.5682253585941,milex_per_capita_usd,median
Indo-Pacific allies,2012,450.4593489470426,milex_per_capita_usd,median
Indo-Pacific allies,2013,426.01745245241136,milex_per_capita_usd,median
Indo-Pacific allies,2014,418.11562950346485,milex_per_capita_usd,median
Indo-Pacific allies,2015,380.04865878379087,milex_per_capita_usd,median
Indo-Pacific allies,2016,410.2215121811068,milex_per_capita_usd,median
Indo-Pacific allies,2017,443.7830740302511,milex_per_capita_usd,median
Indo-Pacific allies,2018,444.1613922859777,milex_per_capita_usd,median
Indo-Pacific allies,2019,464.4779325944514,milex_per_capita_usd,median
Indo-Pacific allies,2020,507.99540766247975,milex_per_capita_usd,median
Indo-Pacific allies,2021,569.353534513314,milex_per_capita_usd,median
Indo-Pacific allies,2022,553.2781278538773,milex_per_capita_usd,median
Indo-Pacific allies,2023,589.0836471008845,milex_per_capita_usd,median
Indo-Pacific allies,2024,577.7467486982491,milex_per_capita_usd,median
Indo-Pacific allies,2025,545.6564004095231,milex_per_capita_usd,median
NATO Europe,1988,305.8347786960155,milex_per_capita_usd,median
NATO Europe,1989,280.691188125181,milex_per_capita_usd,median
NATO Europe,1990,337.8521625716371,milex_per_capita_usd,median
NATO Europe,1991,342.20226459499713,milex_per_capita_usd,median
NATO Europe,1992,316.4184457749276,milex_per_capita_usd,median
NATO Europe,1993,143.84646035381294,milex_per_capita_usd,median
NATO Europe,1994,209.15118510598666,milex_per_capita_usd,median
NATO Europe,1995,243.81873419542228,milex_per_capita_usd,median
NATO Europe,1996,195.4719906829659,milex_per_capita_usd,median
NATO Europe,1997,178.8421157683114,milex_per_capita_usd,median
NATO Europe,1998,174.0501781095351,milex_per_capita_usd,median
NATO Europe,1999,178.44249864291237,milex_per_capita_usd,median
NATO Europe,2000,153.7173153762594,milex_per_capita_usd,median
NATO Europe,2001,145.14537622753798,milex_per_capita_usd,median
NATO Europe,2002,167.54267914060952,milex_per_capita_usd,median
NATO Europe,2003,209.3094524989774,milex_per_capita_usd,median
NATO Europe,2004,247.42313357368755,milex_per_capita_usd,median
NATO Europe,2005,247.7067976791866,milex_per_capita_usd,median
NATO Europe,2006,269.0371188623335,milex_per_capita_usd,median
NATO Europe,2007,295.75404077625853,milex_per_capita_usd,median
NATO Europe,2008,337.276817898004,milex_per_capita_usd,median
NATO Europe,2009,311.20578712831696,milex_per_capita_usd,median
NATO Europe,2010,303.11751522698944,milex_per_capita_usd,median
NATO Europe,2011,309.23092414810446,milex_per_capita_usd,median
NATO Europe,2012,297.2925636257918,milex_per_capita_usd,median
NATO Europe,2013,304.7625508651855,milex_per_capita_usd,median
NATO Europe,2014,284.46951562263223,milex_per_capita_usd,median
NATO Europe,2015,275.00584830785243,milex_per_capita_usd,median
NATO Europe,2016,263.69494336531386,milex_per_capita_usd,median
NATO Europe,2017,297.42432256790346,milex_per_capita_usd,median
NATO Europe,2018,371.3023716487828,milex_per_capita_usd,median
NATO Europe,2019,362.10322923795894,milex_per_capita_usd,median
NATO Europe,2020,377.6064198808216,milex_per_capita_usd,median
NATO Europe,2021,426.50666054306953,milex_per_capita_usd,median
NATO Europe,2022,445.0472068993228,milex_per_capita_usd,median
NATO Europe,2023,624.4334839867647,milex_per_capita_usd,median
NATO Europe,2024,683.0117402438182,milex_per_capita_usd,median
NATO Europe,2025,840.8440533920534,milex_per_capita_usd,median
Russia,1993,52.38870111657465,milex_per_capita_usd,median
Russia,1994,91.52790388079707,milex_per_capita_usd,median
Russia,1995,85.8701972048409,milex_per_capita_usd,median
Russia,1996,106.79015973954179,milex_per_capita_usd,median
Russia,1997,118.79094228409384,milex_per_capita_usd,median
Russia,1998,53.84999457241804,milex_per_capita_usd,median
Russia,1999,43.84825757166402,milex_per_capita_usd,median
Russia,2000,62.797563180019736,milex_per_capita_usd,median
Russia,2001,79.75721832744442,milex_per_capita_usd,median
Russia,2002,95.6690545195661,milex_per_capita_usd,median
Russia,2003,116.15635760023852,milex_per_capita_usd,median
Russia,2004,144.06297679746973,milex_per_capita_usd,median
Russia,2005,188.66085466958916,milex_per_capita_usd,median
Russia,2006,239.2156505859159,milex_per_capita_usd,median
Russia,2007,302.5149427962639,milex_per_capita_usd,median
Russia,2008,390.6825675759607,milex_per_capita_usd,median
Russia,2009,358.3238015852425,milex_per_capita_usd,median
Russia,2010,407.9950290998126,milex_per_capita_usd,median
Russia,2011,487.9467787433317,milex_per_capita_usd,median
Russia,2012,565.200620580961,milex_per_capita_usd,median
Russia,2013,611.694363064059,milex_per_capita_usd,median
Russia,2014,585.047548980277,milex_per_capita_usd,median
Russia,2015,457.8204388577248,milex_per_capita_usd,median
Russia,2016,475.9590730242392,milex_per_capita_usd,median
Russia,2017,458.056630332961,milex_per_capita_usd,median
Russia,2018,421.25159743037005,milex_per_capita_usd,median
Russia,2019,444.6152432823937,milex_per_capita_usd,median
Russia,2020,422.2575024631429,milex_per_capita_usd,median
Russia,2021,450.9134975253154,milex_per_capita_usd,median
Russia,2022,717.6200926202894,milex_per_capita_usd,median
Russia,2023,749.6365875477042,milex_per_capita_usd,median
Russia,2024,1028.8989785141323,milex_per_capita_usd,median
Russia,2025,1318.3528297276332,milex_per_capita_usd,median
United States,1988,1252.3177319228205,milex_per_capita_usd,median
United States,1989,1289.963914963991,milex_per_capita_usd,median
United States,1990,1291.0452904393896,milex_per_capita_usd,median
United States,1991,1174.4133860754011,milex_per_capita_usd,median
United States,1992,1259.6730512432307,milex_per_capita_usd,median
United States,1993,1212.6397831783986,milex_per_capita_usd,median
United States,1994,1166.6107376323941,milex_per_capita_usd,median
United States,1995,1108.6247431085048,milex_per_capita_usd,median
United States,1996,1068.314857979321,milex_per_capita_usd,median
United States,1997,1077.1308205051,milex_per_capita_usd,median
United States,1998,1059.0869068303296,milex_per_capita_usd,median
United States,1999,1074.3033057809191,milex_per_capita_usd,median
United States,2000,1142.7835702373084,milex_per_capita_usd,median
United States,2001,1172.977347440567,milex_per_capita_usd,median
United States,2002,1324.758716165509,milex_per_capita_usd,median
United States,2003,1527.0584313710317,milex_per_capita_usd,median
United States,2004,1692.2246789505791,milex_per_capita_usd,median
United States,2005,1812.1338693245332,milex_per_capita_usd,median
United States,2006,1878.6954698827217,milex_per_capita_usd,median
United States,2007,1963.5358798993545,milex_per_capita_usd,median
United States,2008,2164.5044187389612,milex_per_capita_usd,median
United States,2009,2303.0068842979363,milex_per_capita_usd,median
United States,2010,2384.2977289233386,milex_per_capita_usd,median
United States,2011,2406.5639751555973,milex_per_capita_usd,median
United States,2012,2297.775479708336,milex_per_capita_usd,median
United States,2013,2131.7910822330196,milex_per_capita_usd,median
United States,2014,2014.2530881709174,milex_per_capita_usd,median
United States,2015,1952.478865135083,milex_per_capita_usd,median
United States,2016,1953.015754996636,milex_per_capita_usd,median
United States,2017,1955.5076596003978,milex_per_capita_usd,median
United States,2018,2045.3759102149877,milex_per_capita_usd,median
United States,2019,2182.7045217776645,milex_per_capita_usd,median
United States,2020,2295.1926262673333,milex_per_capita_usd,median
United States,2021,2373.150629675683,milex_per_capita_usd,median
United States,2022,2527.0402436024274,milex_per_capita_usd,median
United States,2023,2674.6899419822926,milex_per_capita_usd,median
United States,2024,2917.157015046454,milex_per_capita_usd,median
United States,2025,2755.369008091466,milex_per_capita_usd,median
China,1989,0.13206339977678988,milex_govt_share_pct,median
China,1990,0.1374736170064915,milex_govt_share_pct,median
China,1991,0.1425364099482375,milex_govt_share_pct,median
China,1992,0.16867625516479895,milex_govt_share_pct,median
China,1993,0.14796104808065866,milex_govt_share_pct,median
China,1994,0.140883852274478,milex_govt_share_pct,median
China,1995,0.1515792236492705,milex_govt_share_pct,median
China,1996,0.14952756453742586,milex_govt_share_pct,median
China,1997,0.14094969695964749,milex_govt_share_pct,median
China,1998,0.1305825861414058,milex_govt_share_pct,median
China,1999,0.12520670713938675,milex_govt_share_pct,median
China,2000,0.11338743170326088,milex_govt_share_pct,median
China,2001,0.11419898446739245,milex_govt_share_pct,median
China,2002,0.1118912743676167,milex_govt_share_pct,median
China,2003,0.10973829610641492,milex_govt_share_pct,median
China,2004,0.10879794592699614,milex_govt_share_pct,median
China,2005,0.10228761310058522,milex_govt_share_pct,median
China,2006,0.10187304699293973,milex_govt_share_pct,median
China,2007,0.09627736538259563,milex_govt_share_pct,median
China,2008,0.07646509349928027,milex_govt_share_pct,median
China,2009,0.07399288493694502,milex_govt_share_pct,median
China,2010,0.06969115845112053,milex_govt_share_pct,median
China,2011,0.06166181151952217,milex_govt_share_pct,median
China,2012,0.06035395859431684,milex_govt_share_pct,median
China,2013,0.0596763314725654,milex_govt_share_pct,median
China,2014,0.059895430036399355,milex_govt_share_pct,median
China,2015,0.05604890586834556,milex_govt_share_pct,median
China,2016,0.05476725641574214,milex_govt_share_pct,median
China,2017,0.052628672876266526,milex_govt_share_pct,median
China,2018,0.050485016286581995,milex_govt_share_pct,median
China,2019,0.04906764301367801,milex_govt_share_pct,median
China,2020,0.049036910214890296,milex_govt_share_pct,median
China,2021,0.049280806846846825,milex_govt_share_pct,median
China,2022,0.048790916122762776,milex_govt_share_pct,median
China,2023,0.049536559662271114,milex_govt_share_pct,median
China,2024,0.05050416424820809,milex_govt_share_pct,median
China,2025,0.051246525623262804,milex_govt_share_pct,median
Hedging middle powers,1988,0.14778273373619472,milex_govt_share_pct,median
Hedging middle powers,1989,0.13566200708214737,milex_govt_share_pct,median
Hedging middle powers,1990,0.21158613819946584,milex_govt_share_pct,median
Hedging middle powers,1991,0.19184465743225737,milex_govt_share_pct,median
Hedging middle powers,1992,0.18783716815850465,milex_govt_share_pct,median
Hedging middle powers,1993,0.1096859705473452,milex_govt_share_pct,median
Hedging middle powers,1994,0.11234027090861377,milex_govt_share_pct,median
Hedging middle powers,1995,0.11179091938488514,milex_govt_share_pct,median
Hedging middle powers,1996,0.10327280640268932,milex_govt_share_pct,median
Hedging middle powers,1997,0.14918861581899837,milex_govt_share_pct,median
Hedging middle powers,1998,0.15633377709903137,milex_govt_share_pct,median
Hedging middle powers,1999,0.16146282227650452,milex_govt_share_pct,median
Hedging middle powers,2000,0.1150305704361516,milex_govt_share_pct,median
Hedging middle powers,2001,0.08653315417307589,milex_govt_share_pct,median
Hedging middle powers,2002,0.0869297770231443,milex_govt_share_pct,median
Hedging middle powers,2003,0.08553217415756667,milex_govt_share_pct,median
Hedging middle powers,2004,0.08027416530731357,milex_govt_share_pct,median
Hedging middle powers,2005,0.08458174374243975,milex_govt_share_pct,median
Hedging middle powers,2006,0.07494448440871986,milex_govt_share_pct,median
Hedging middle powers,2007,0.08140985862310404,milex_govt_share_pct,median
Hedging middle powers,2008,0.07625888129326674,milex_govt_share_pct,median
Hedging middle powers,2009,0.08604321466988092,milex_govt_share_pct,median
Hedging middle powers,2010,0.0775418636820345,milex_govt_share_pct,median
Hedging middle powers,2011,0.08270353441643662,milex_govt_share_pct,median
Hedging middle powers,2012,0.09272621064293037,milex_govt_share_pct,median
Hedging middle powers,2013,0.09295983197408529,milex_govt_share_pct,median
Hedging middle powers,2014,0.09504790489845968,milex_govt_share_pct,median
Hedging middle powers,2015,0.07458562291123554,milex_govt_share_pct,median
Hedging middle powers,2016,0.07567908831852392,milex_govt_share_pct,median
Hedging middle powers,2017,0.07325659894569865,milex_govt_share_pct,median
Hedging middle powers,2018,0.06715297085373459,milex_govt_share_pct,median
Hedging middle powers,2019,0.06886758771282583,milex_govt_share_pct,median
Hedging middle powers,2020,0.06785413951065951,milex_govt_share_pct,median
Hedging middle powers,2021,0.06041915907168029,milex_govt_share_pct,median
Hedging middle powers,2022,0.06237275827320672,milex_govt_share_pct,median
Hedging middle powers,2023,0.06511468004048371,milex_govt_share_pct,median
Hedging middle powers,2024,0.0636875275615818,milex_govt_share_pct,median
Hedging middle powers,2025,0.07251059320518696,milex_govt_share_pct,median
Indo-Pacific allies,1988,0.05815885336599744,milex_govt_share_pct,median
Indo-Pacific allies,1989,0.06915018270507668,milex_govt_share_pct,median
Indo-Pacific allies,1990,0.06791905228861544,milex_govt_share_pct,median
Indo-Pacific allies,1991,0.0654926201406241,milex_govt_share_pct,median
Indo-Pacific allies,1992,0.06362019335216164,milex_govt_share_pct,median
Indo-Pacific allies,1993,0.06381093533524503,milex_govt_share_pct,median
Indo-Pacific allies,1994,0.06260891976141969,milex_govt_share_pct,median
Indo-Pacific allies,1995,0.10516277682642912,milex_govt_share_pct,median
Indo-Pacific allies,1996,0.10119853341412564,milex_govt_share_pct,median
Indo-Pacific allies,1997,0.08257396002737122,milex_govt_share_pct,median
Indo-Pacific allies,1998,0.07818046721111031,milex_govt_share_pct,median
Indo-Pacific allies,1999,0.06377024771162733,milex_govt_share_pct,median
Indo-Pacific allies,2000,0.07484231854448287,milex_govt_share_pct,median
Indo-Pacific allies,2001,0.06765162469599392,milex_govt_share_pct,median
Indo-Pacific allies,2002,0.055754218699414715,milex_govt_share_pct,median
Indo-Pacific allies,2003,0.069052428738992,milex_govt_share_pct,median
Indo-Pacific allies,2004,0.06006587276922064,milex_govt_share_pct,median
Indo-Pacific allies,2005,0.05199497282445679,milex_govt_share_pct,median
Indo-Pacific allies,2006,0.05264887017918991,milex_govt_share_pct,median
Indo-Pacific allies,2007,0.05284417926729806,milex_govt_share_pct,median
Indo-Pacific allies,2008,0.06484796899115663,milex_govt_share_pct,median
Indo-Pacific allies,2009,0.06259066277357046,milex_govt_share_pct,median
Indo-Pacific allies,2010,0.06377360503574096,milex_govt_share_pct,median
Indo-Pacific allies,2011,0.0654875695117766,milex_govt_share_pct,median
Indo-Pacific allies,2012,0.06250440412788055,milex_govt_share_pct,median
Indo-Pacific allies,2013,0.06126562184844393,milex_govt_share_pct,median
Indo-Pacific allies,2014,0.06197473037546348,milex_govt_share_pct,median
Indo-Pacific allies,2015,0.06119615897607101,milex_govt_share_pct,median
Indo-Pacific allies,2016,0.05607469253311637,milex_govt_share_pct,median
Indo-Pacific allies,2017,0.06002654047266875,milex_govt_share_pct,median
Indo-Pacific allies,2018,0.05662615402900302,milex_govt_share_pct,median
Indo-Pacific allies,2019,0.05208587203122723,milex_govt_share_pct,median
Indo-Pacific allies,2020,0.05004762449205556,milex_govt_share_pct,median
Indo-Pacific allies,2021,0.051722133474151714,milex_govt_share_pct,median
Indo-Pacific allies,2022,0.050156753716619054,milex_govt_share_pct,median
Indo-Pacific allies,2023,0.04899891080436472,milex_govt_share_pct,median
Indo-Pacific allies,2024,0.04770799213441111,milex_govt_share_pct,median
Indo-Pacific allies,2025,0.048897538965487715,milex_govt_share_pct,median
NATO Europe,1988,0.04638372396318516,milex_govt_share_pct,median
NATO Europe,1989,0.04470217809172278,milex_govt_share_pct,median
NATO Europe,1990,0.045065047723367266,milex_govt_share_pct,median
NATO Europe,1991,0.04241321928084165,milex_govt_share_pct,median
NATO Europe,1992,0.04089684012160059,milex_govt_share_pct,median
NATO Europe,1993,0.0376043244337477,milex_govt_share_pct,median
NATO Europe,1994,0.03776701392893297,milex_govt_share_pct,median
NATO Europe,1995,0.03331853980888802,milex_govt_share_pct,median
NATO Europe,1996,0.036316978350933976,milex_govt_share_pct,median
NATO Europe,1997,0.03635082643127714,milex_govt_share_pct,median
NATO Europe,1998,0.03409787018891262,milex_govt_share_pct,median
NATO Europe,1999,0.034030540372119285,milex_govt_share_pct,median
NATO Europe,2000,0.03614282308285116,milex_govt_share_pct,median
NATO Europe,2001,0.038761617067364945,milex_govt_share_pct,median
NATO Europe,2002,0.03825305182828941,milex_govt_share_pct,median
NATO Europe,2003,0.037712513683971605,milex_govt_share_pct,median
NATO Europe,2004,0.036436262840408455,milex_govt_share_pct,median
NATO Europe,2005,0.03754704473378809,milex_govt_share_pct,median
NATO Europe,2006,0.036239134546513466,milex_govt_share_pct,median
NATO Europe,2007,0.03512773037817208,milex_govt_share_pct,median
NATO Europe,2008,0.033836324717877765,milex_govt_share_pct,median
NATO Europe,2009,0.03229223117496531,milex_govt_share_pct,median
NATO Europe,2010,0.03048366836516421,milex_govt_share_pct,median
NATO Europe,2011,0.029399032504369284,milex_govt_share_pct,median
NATO Europe,2012,0.02844488101995887,milex_govt_share_pct,median
NATO Europe,2013,0.027380033431538192,milex_govt_share_pct,median
NATO Europe,2014,0.026759666972197567,milex_govt_share_pct,median
NATO Europe,2015,0.029551081677292,milex_govt_share_pct,median
NATO Europe,2016,0.03010172947774829,milex_govt_share_pct,median
NATO Europe,2017,0.029352488552809003,milex_govt_share_pct,median
NATO Europe,2018,0.030562872227581868,milex_govt_share_pct,median
NATO Europe,2019,0.03294781390305995,milex_govt_share_pct,median
NATO Europe,2020,0.03228703679187056,milex_govt_share_pct,median
NATO Europe,2021,0.03400019007369703,milex_govt_share_pct,median
NATO Europe,2022,0.037406132028325205,milex_govt_share_pct,median
NATO Europe,2023,0.03678606765398879,milex_govt_share_pct,median
NATO Europe,2024,0.04379315133397105,milex_govt_share_pct,median
NATO Europe,2025,0.047889556663000515,milex_govt_share_pct,median
Russia,1998,0.06905517008226411,milex_govt_share_pct,median
Russia,1999,0.08988603610747248,milex_govt_share_pct,median
Russia,2000,0.10819631406782995,milex_govt_share_pct,median
Russia,2001,0.1130253433080957,milex_govt_share_pct,median
Russia,2002,0.11138489732931879,milex_govt_share_pct,median
Russia,2003,0.11292256983935307,milex_govt_share_pct,median
Russia,2004,0.11170381136024707,milex_govt_share_pct,median
Russia,2005,0.11336317899553487,milex_govt_share_pct,median
Russia,2006,0.11206536705627597,milex_govt_share_pct,median
Russia,2007,0.09787338980318983,milex_govt_share_pct,median
Russia,2008,0.09863158415958378,milex_govt_share_pct,median
Russia,2009,0.10192022400328608,milex_govt_share_pct,median
Russia,2010,0.10122295627501611,milex_govt_share_pct,median
Russia,2011,0.10321463571871367,milex_govt_share_pct,median
Russia,2012,0.10841555871359469,milex_govt_share_pct,median
Russia,2013,0.11122178328979793,milex_govt_share_pct,median
Russia,2014,0.11772198026732614,milex_govt_share_pct,median
Russia,2015,0.13810711223753172,milex_govt_share_pct,median
Russia,2016,0.1482839500339679,milex_govt_share_pct,median
Russia,2017,0.12199182172142985,milex_govt_share_pct,median
Russia,2018,0.11403160490906235,milex_govt_share_pct,median
Russia,2019,0.11398999164298863,milex_govt_share_pct,median
Russia,2020,0.10586067621155892,milex_govt_share_pct,median
Russia,2021,0.10314186735891918,milex_govt_share_pct,median
Russia,2022,0.12957169252488765,milex_govt_share_pct,median
Russia,2023,0.14765737525488165,milex_govt_share_pct,median
Russia,2024,0.18643902844441368,milex_govt_share_pct,median
Russia,2025,0.19826605322720864,milex_govt_share_pct,median
United States,2001,0.09559308646422386,milex_govt_share_pct,median
United States,2002,0.10276176085208559,milex_govt_share_pct,median
United States,2003,0.11297322065030695,milex_govt_share_pct,median
United States,2004,0.11967340435082478,milex_govt_share_pct,median
United States,2005,0.12052702473299186,milex_govt_share_pct,median
United States,2006,0.11995051894736322,milex_govt_share_pct,median
United States,2007,0.11785711644203785,milex_govt_share_pct,median
United States,2008,0.11971218300713163,milex_govt_share_pct,median
United States,2009,0.11777614495710342,milex_govt_share_pct,median
United States,2010,0.1233324331352229,milex_govt_share_pct,median
United States,2011,0.12430288153315172,milex_govt_share_pct,median
United States,2012,0.11986534579889076,milex_govt_share_pct,median
United States,2013,0.112449603057598,milex_govt_share_pct,median
United States,2014,0.10414810053501007,milex_govt_share_pct,median
United States,2015,0.09889816539843269,milex_govt_share_pct,median
United States,2016,0.09630086247740186,milex_govt_share_pct,median
United States,2017,0.09370111529538645,milex_govt_share_pct,median
United States,2018,0.09346705659011995,milex_govt_share_pct,median
United States,2019,0.09520082109180215,milex_govt_share_pct,median
United States,2020,0.08178917189006167,milex_govt_share_pct,median
United States,2021,0.0786582547829052,milex_govt_share_pct,median
United States,2022,0.08979132170017293,milex_govt_share_pct,median
United States,2023,0.08748080061220297,milex_govt_share_pct,median
United States,2024,0.09045673811112584,milex_govt_share_pct,median
United States,2025,0.08250079355364733,milex_govt_share_pct,median
