ally,year,pct_gdp,estimate,source
Albania,2014,1.34,False,"NATO, Defence Expenditure of NATO Countries, 2026 edition, Table 3"
Albania,2015,1.15,False,"NATO, Defence Expenditure of NATO Countries, 2026 edition, Table 3"
Albania,2016,1.09,False,"NATO, Defence Expenditure of NATO Countries, 2026 edition, Table 3"
Albania,2017,1.09,False,"NATO, Defence Expenditure of NATO Countries, 2026 edition, Table 3"
Albania,2018,1.14,False,"NATO, Defence Expenditure of NATO Countries, 2026 edition, Table 3"
Albania,2019,1.27,False,"NATO, Defence Expenditure of NATO Countries, 2026 edition, Table 3"
Albania,2020,1.29,False,"NATO, Defence Expenditure of NATO Countries, 2026 edition, Table 3"
Albania,2021,1.24,False,"NATO, Defence Expenditure of NATO Countries, 2026 edition, Table 3"
Albania,2022,1.2,False,"NATO, Defence Expenditure of NATO Countries, 2026 edition, Table 3"
Albania,2023,1.29,False,"NATO, Defence Expenditure of NATO Countries, 2026 edition, Table 3"
Albania,2024,1.35,False,"NATO, Defence Expenditure of NATO Countries, 2026 edition, Table 3"
Albania,2025,1.48,True,"NATO, Defence Expenditure of NATO Countries, 2026 edition, Table 3"
Albania,2026,2.15,True,"NATO, Defence Expenditure of NATO Countries, 2026 edition, Table 3"
Belgium,2014,0.97,False,"NATO, Defence Expenditure of NATO Countries, 2026 edition, Table 3"
Belgium,2015,0.91,False,"NATO, Defence Expenditure of NATO Countries, 2026 edition, Table 3"
Belgium,2016,0.9,False,"NATO, Defence Expenditure of NATO Countries, 2026 edition, Table 3"
Belgium,2017,0.89,False,"NATO, Defence Expenditure of NATO Countries, 2026 edition, Table 3"
Belgium,2018,0.89,False,"NATO, Defence Expenditure of NATO Countries, 2026 edition, Table 3"
Belgium,2019,0.89,False,"NATO, Defence Expenditure of NATO Countries, 2026 edition, Table 3"
Belgium,2020,1.01,False,"NATO, Defence Expenditure of NATO Countries, 2026 edition, Table 3"
Belgium,2021,1.04,False,"NATO, Defence Expenditure of NATO Countries, 2026 edition, Table 3"
Belgium,2022,1.17,False,"NATO, Defence Expenditure of NATO Countries, 2026 edition, Table 3"
Belgium,2023,1.16,False,"NATO, Defence Expenditure of NATO Countries, 2026 edition, Table 3"
Belgium,2024,1.27,False,"NATO, Defence Expenditure of NATO Countries, 2026 edition, Table 3"
Belgium,2025,2.0,True,"NATO, Defence Expenditure of NATO Countries, 2026 edition, Table 3"
Belgium,2026,2.0,True,"NATO, Defence Expenditure of NATO Countries, 2026 edition, Table 3"
Bulgaria,2014,1.31,False,"NATO, Defence Expenditure of NATO Countries, 2026 edition, Table 3"
Bulgaria,2015,1.25,False,"NATO, Defence Expenditure of NATO Countries, 2026 edition, Table 3"
Bulgaria,2016,1.24,False,"NATO, Defence Expenditure of NATO Countries, 2026 edition, Table 3"
Bulgaria,2017,1.22,False,"NATO, Defence Expenditure of NATO Countries, 2026 edition, Table 3"
Bulgaria,2018,1.45,False,"NATO, Defence Expenditure of NATO Countries, 2026 edition, Table 3"
Bulgaria,2019,3.15,False,"NATO, Defence Expenditure of NATO Countries, 2026 edition, Table 3"
Bulgaria,2020,1.59,False,"NATO, Defence Expenditure of NATO Countries, 2026 edition, Table 3"
Bulgaria,2021,1.51,False,"NATO, Defence Expenditure of NATO Countries, 2026 edition, Table 3"
Bulgaria,2022,1.59,False,"NATO, Defence Expenditure of NATO Countries, 2026 edition, Table 3"
Bulgaria,2023,1.95,False,"NATO, Defence Expenditure of NATO Countries, 2026 edition, Table 3"
Bulgaria,2024,1.93,False,"NATO, Defence Expenditure of NATO Countries, 2026 edition, Table 3"
Bulgaria,2025,2.13,True,"NATO, Defence Expenditure of NATO Countries, 2026 edition, Table 3"
Bulgaria,2026,2.22,True,"NATO, Defence Expenditure of NATO Countries, 2026 edition, Table 3"
Canada,2014,1.01,False,"NATO, Defence Expenditure of NATO Countries, 2026 edition, Table 3"
Canada,2015,1.2,False,"NATO, Defence Expenditure of NATO Countries, 2026 edition, Table 3"
Canada,2016,1.16,False,"NATO, Defence Expenditure of NATO Countries, 2026 edition, Table 3"
Canada,2017,1.44,False,"NATO, Defence Expenditure of NATO Countries, 2026 edition, Table 3"
Canada,2018,1.3,False,"NATO, Defence Expenditure of NATO Countries, 2026 edition, Table 3"
Canada,2019,1.29,False,"NATO, Defence Expenditure of NATO Countries, 2026 edition, Table 3"
Canada,2020,1.41,False,"NATO, Defence Expenditure of NATO Countries, 2026 edition, Table 3"
Canada,2021,1.26,False,"NATO, Defence Expenditure of NATO Countries, 2026 edition, Table 3"
Canada,2022,1.18,False,"NATO, Defence Expenditure of NATO Countries, 2026 edition, Table 3"
Canada,2023,1.29,False,"NATO, Defence Expenditure of NATO Countries, 2026 edition, Table 3"
Canada,2024,1.41,False,"NATO, Defence Expenditure of NATO Countries, 2026 edition, Table 3"
Canada,2025,2.03,True,"NATO, Defence Expenditure of NATO Countries, 2026 edition, Table 3"
Canada,2026,2.13,True,"NATO, Defence Expenditure of NATO Countries, 2026 edition, Table 3"
Croatia,2014,1.81,False,"NATO, Defence Expenditure of NATO Countries, 2026 edition, Table 3"
Croatia,2015,1.75,False,"NATO, Defence Expenditure of NATO Countries, 2026 edition, Table 3"
Croatia,2016,1.59,False,"NATO, Defence Expenditure of NATO Countries, 2026 edition, Table 3"
Croatia,2017,1.63,False,"NATO, Defence Expenditure of NATO Countries, 2026 edition, Table 3"
Croatia,2018,1.54,False,"NATO, Defence Expenditure of NATO Countries, 2026 edition, Table 3"
Croatia,2019,1.6,False,"NATO, Defence Expenditure of NATO Countries, 2026 edition, Table 3"
Croatia,2020,1.7,False,"NATO, Defence Expenditure of NATO Countries, 2026 edition, Table 3"
Croatia,2021,1.97,False,"NATO, Defence Expenditure of NATO Countries, 2026 edition, Table 3"
Croatia,2022,1.8,False,"NATO, Defence Expenditure of NATO Countries, 2026 edition, Table 3"
Croatia,2023,1.65,False,"NATO, Defence Expenditure of NATO Countries, 2026 edition, Table 3"
Croatia,2024,1.85,False,"NATO, Defence Expenditure of NATO Countries, 2026 edition, Table 3"
Croatia,2025,2.07,True,"NATO, Defence Expenditure of NATO Countries, 2026 edition, Table 3"
Croatia,2026,2.03,True,"NATO, Defence Expenditure of NATO Countries, 2026 edition, Table 3"
Czechia,2014,0.94,False,"NATO, Defence Expenditure of NATO Countries, 2026 edition, Table 3"
Czechia,2015,1.02,False,"NATO, Defence Expenditure of NATO Countries, 2026 edition, Table 3"
Czechia,2016,0.94,False,"NATO, Defence Expenditure of NATO Countries, 2026 edition, Table 3"
Czechia,2017,1.02,False,"NATO, Defence Expenditure of NATO Countries, 2026 edition, Table 3"
Czechia,2018,1.09,False,"NATO, Defence Expenditure of NATO Countries, 2026 edition, Table 3"
Czechia,2019,1.16,False,"NATO, Defence Expenditure of NATO Countries, 2026 edition, Table 3"
Czechia,2020,1.27,False,"NATO, Defence Expenditure of NATO Countries, 2026 edition, Table 3"
Czechia,2021,1.35,False,"NATO, Defence Expenditure of NATO Countries, 2026 edition, Table 3"
Czechia,2022,1.29,False,"NATO, Defence Expenditure of NATO Countries, 2026 edition, Table 3"
Czechia,2023,1.31,False,"NATO, Defence Expenditure of NATO Countries, 2026 edition, Table 3"
Czechia,2024,1.99,False,"NATO, Defence Expenditure of NATO Countries, 2026 edition, Table 3"
Czechia,2025,1.86,True,"NATO, Defence Expenditure of NATO Countries, 2026 edition, Table 3"
Czechia,2026,2.01,True,"NATO, Defence Expenditure of NATO Countries, 2026 edition, Table 3"
Denmark,2014,1.15,False,"NATO, Defence Expenditure of NATO Countries, 2026 edition, Table 3"
Denmark,2015,1.11,False,"NATO, Defence Expenditure of NATO Countries, 2026 edition, Table 3"
Denmark,2016,1.15,False,"NATO, Defence Expenditure of NATO Countries, 2026 edition, Table 3"
Denmark,2017,1.14,False,"NATO, Defence Expenditure of NATO Countries, 2026 edition, Table 3"
Denmark,2018,1.28,False,"NATO, Defence Expenditure of NATO Countries, 2026 edition, Table 3"
Denmark,2019,1.3,False,"NATO, Defence Expenditure of NATO Countries, 2026 edition, Table 3"
Denmark,2020,1.37,False,"NATO, Defence Expenditure of NATO Countries, 2026 edition, Table 3"
Denmark,2021,1.3,False,"NATO, Defence Expenditure of NATO Countries, 2026 edition, Table 3"
Denmark,2022,1.37,False,"NATO, Defence Expenditure of NATO Countries, 2026 edition, Table 3"
Denmark,2023,2.01,False,"NATO, Defence Expenditure of NATO Countries, 2026 edition, Table 3"
Denmark,2024,2.29,False,"NATO, Defence Expenditure of NATO Countries, 2026 edition, Table 3"
Denmark,2025,3.27,True,"NATO, Defence Expenditure of NATO Countries, 2026 edition, Table 3"
Denmark,2026,3.49,True,"NATO, Defence Expenditure of NATO Countries, 2026 edition, Table 3"
Estonia,2014,1.9,False,"NATO, Defence Expenditure of NATO Countries, 2026 edition, Table 3"
Estonia,2015,1.99,False,"NATO, Defence Expenditure of NATO Countries, 2026 edition, Table 3"
Estonia,2016,2.03,False,"NATO, Defence Expenditure of NATO Countries, 2026 edition, Table 3"
Estonia,2017,1.97,False,"NATO, Defence Expenditure of NATO Countries, 2026 edition, Table 3"
Estonia,2018,1.97,False,"NATO, Defence Expenditure of NATO Countries, 2026 edition, Table 3"
Estonia,2019,2.0,False,"NATO, Defence Expenditure of NATO Countries, 2026 edition, Table 3"
Estonia,2020,2.26,False,"NATO, Defence Expenditure of NATO Countries, 2026 edition, Table 3"
Estonia,2021,2.02,False,"NATO, Defence Expenditure of NATO Countries, 2026 edition, Table 3"
Estonia,2022,2.14,False,"NATO, Defence Expenditure of NATO Countries, 2026 edition, Table 3"
Estonia,2023,2.98,False,"NATO, Defence Expenditure of NATO Countries, 2026 edition, Table 3"
Estonia,2024,3.31,False,"NATO, Defence Expenditure of NATO Countries, 2026 edition, Table 3"
Estonia,2025,3.93,True,"NATO, Defence Expenditure of NATO Countries, 2026 edition, Table 3"
Estonia,2026,5.1,True,"NATO, Defence Expenditure of NATO Countries, 2026 edition, Table 3"
Finland,2014,1.46,False,"NATO, Defence Expenditure of NATO Countries, 2026 edition, Table 3"
Finland,2015,1.46,False,"NATO, Defence Expenditure of NATO Countries, 2026 edition, Table 3"
Finland,2016,1.43,False,"NATO, Defence Expenditure of NATO Countries, 2026 edition, Table 3"
Finland,2017,1.39,False,"NATO, Defence Expenditure of NATO Countries, 2026 edition, Table 3"
Finland,2018,1.4,False,"NATO, Defence Expenditure of NATO Countries, 2026 edition, Table 3"
Finland,2019,1.46,False,"NATO, Defence Expenditure of NATO Countries, 2026 edition, Table 3"
Finland,2020,1.54,False,"NATO, Defence Expenditure of NATO Countries, 2026 edition, Table 3"
Finland,2021,1.41,False,"NATO, Defence Expenditure of NATO Countries, 2026 edition, Table 3"
Finland,2022,1.69,False,"NATO, Defence Expenditure of NATO Countries, 2026 edition, Table 3"
Finland,2023,2.12,False,"NATO, Defence Expenditure of NATO Countries, 2026 edition, Table 3"
Finland,2024,2.11,False,"NATO, Defence Expenditure of NATO Countries, 2026 edition, Table 3"
Finland,2025,2.75,True,"NATO, Defence Expenditure of NATO Countries, 2026 edition, Table 3"
Finland,2026,2.65,True,"NATO, Defence Expenditure of NATO Countries, 2026 edition, Table 3"
France,2014,1.82,False,"NATO, Defence Expenditure of NATO Countries, 2026 edition, Table 3"
France,2015,1.78,False,"NATO, Defence Expenditure of NATO Countries, 2026 edition, Table 3"
France,2016,1.79,False,"NATO, Defence Expenditure of NATO Countries, 2026 edition, Table 3"
France,2017,1.78,False,"NATO, Defence Expenditure of NATO Countries, 2026 edition, Table 3"
France,2018,1.81,False,"NATO, Defence Expenditure of NATO Countries, 2026 edition, Table 3"
France,2019,1.82,False,"NATO, Defence Expenditure of NATO Countries, 2026 edition, Table 3"
France,2020,1.99,False,"NATO, Defence Expenditure of NATO Countries, 2026 edition, Table 3"
France,2021,1.9,False,"NATO, Defence Expenditure of NATO Countries, 2026 edition, Table 3"
France,2022,1.87,False,"NATO, Defence Expenditure of NATO Countries, 2026 edition, Table 3"
France,2023,1.88,False,"NATO, Defence Expenditure of NATO Countries, 2026 edition, Table 3"
France,2024,2.04,False,"NATO, Defence Expenditure of NATO Countries, 2026 edition, Table 3"
France,2025,2.04,True,"NATO, Defence Expenditure of NATO Countries, 2026 edition, Table 3"
France,2026,2.22,True,"NATO, Defence Expenditure of NATO Countries, 2026 edition, Table 3"
Germany,2014,1.16,False,"NATO, Defence Expenditure of NATO Countries, 2026 edition, Table 3"
Germany,2015,1.16,False,"NATO, Defence Expenditure of NATO Countries, 2026 edition, Table 3"
Germany,2016,1.18,False,"NATO, Defence Expenditure of NATO Countries, 2026 edition, Table 3"
Germany,2017,1.21,False,"NATO, Defence Expenditure of NATO Countries, 2026 edition, Table 3"
Germany,2018,1.23,False,"NATO, Defence Expenditure of NATO Countries, 2026 edition, Table 3"
Germany,2019,1.32,False,"NATO, Defence Expenditure of NATO Countries, 2026 edition, Table 3"
Germany,2020,1.49,False,"NATO, Defence Expenditure of NATO Countries, 2026 edition, Table 3"
Germany,2021,1.43,False,"NATO, Defence Expenditure of NATO Countries, 2026 edition, Table 3"
Germany,2022,1.46,False,"NATO, Defence Expenditure of NATO Countries, 2026 edition, Table 3"
Germany,2023,1.6,False,"NATO, Defence Expenditure of NATO Countries, 2026 edition, Table 3"
Germany,2024,2.0,False,"NATO, Defence Expenditure of NATO Countries, 2026 edition, Table 3"
Germany,2025,2.22,True,"NATO, Defence Expenditure of NATO Countries, 2026 edition, Table 3"
Germany,2026,2.69,True,"NATO, Defence Expenditure of NATO Countries, 2026 edition, Table 3"
Greece,2014,2.24,False,"NATO, Defence Expenditure of NATO Countries, 2026 edition, Table 3"
Greece,2015,2.32,False,"NATO, Defence Expenditure of NATO Countries, 2026 edition, Table 3"
Greece,2016,2.4,False,"NATO, Defence Expenditure of NATO Countries, 2026 edition, Table 3"
Greece,2017,2.37,False,"NATO, Defence Expenditure of NATO Countries, 2026 edition, Table 3"
Greece,2018,2.52,False,"NATO, Defence Expenditure of NATO Countries, 2026 edition, Table 3"
Greece,2019,2.42,False,"NATO, Defence Expenditure of NATO Countries, 2026 edition, Table 3"
Greece,2020,2.87,False,"NATO, Defence Expenditure of NATO Countries, 2026 edition, Table 3"
Greece,2021,3.66,False,"NATO, Defence Expenditure of NATO Countries, 2026 edition, Table 3"
Greece,2022,3.89,False,"NATO, Defence Expenditure of NATO Countries, 2026 edition, Table 3"
Greece,2023,2.77,False,"NATO, Defence Expenditure of NATO Countries, 2026 edition, Table 3"
Greece,2024,2.77,False,"NATO, Defence Expenditure of NATO Countries, 2026 edition, Table 3"
Greece,2025,2.79,True,"NATO, Defence Expenditure of NATO Countries, 2026 edition, Table 3"
Greece,2026,3.65,True,"NATO, Defence Expenditure of NATO Countries, 2026 edition, Table 3"
Hungary,2014,0.86,False,"NATO, Defence Expenditure of NATO Countries, 2026 edition, Table 3"
Hungary,2015,0.9,False,"NATO, Defence Expenditure of NATO Countries, 2026 edition, Table 3"
Hungary,2016,1.0,False,"NATO, Defence Expenditure of NATO Countries, 2026 edition, Table 3"
Hungary,2017,1.19,False,"NATO, Defence Expenditure of NATO Countries, 2026 edition, Table 3"
Hungary,2018,1.0,False,"NATO, Defence Expenditure of NATO Countries, 2026 edition, Table 3"
Hungary,2019,1.33,False,"NATO, Defence Expenditure of NATO Countries, 2026 edition, Table 3"
Hungary,2020,1.75,False,"NATO, Defence Expenditure of NATO Countries, 2026 edition, Table 3"
Hungary,2021,1.32,False,"NATO, Defence Expenditure of NATO Countries, 2026 edition, Table 3"
Hungary,2022,1.84,False,"NATO, Defence Expenditure of NATO Countries, 2026 edition, Table 3"
Hungary,2023,2.0,False,"NATO, Defence Expenditure of NATO Countries, 2026 edition, Table 3"
Hungary,2024,2.21,False,"NATO, Defence Expenditure of NATO Countries, 2026 edition, Table 3"
Hungary,2025,2.06,True,"NATO, Defence Expenditure of NATO Countries, 2026 edition, Table 3"
Hungary,2026,2.09,True,"NATO, Defence Expenditure of NATO Countries, 2026 edition, Table 3"
Italy,2014,1.13,False,"NATO, Defence Expenditure of NATO Countries, 2026 edition, Table 3"
Italy,2015,1.06,False,"NATO, Defence Expenditure of NATO Countries, 2026 edition, Table 3"
Italy,2016,1.17,False,"NATO, Defence Expenditure of NATO Countries, 2026 edition, Table 3"
Italy,2017,1.2,False,"NATO, Defence Expenditure of NATO Countries, 2026 edition, Table 3"
Italy,2018,1.22,False,"NATO, Defence Expenditure of NATO Countries, 2026 edition, Table 3"
Italy,2019,1.17,False,"NATO, Defence Expenditure of NATO Countries, 2026 edition, Table 3"
Italy,2020,1.58,False,"NATO, Defence Expenditure of NATO Countries, 2026 edition, Table 3"
Italy,2021,1.52,False,"NATO, Defence Expenditure of NATO Countries, 2026 edition, Table 3"
Italy,2022,1.5,False,"NATO, Defence Expenditure of NATO Countries, 2026 edition, Table 3"
Italy,2023,1.46,False,"NATO, Defence Expenditure of NATO Countries, 2026 edition, Table 3"
Italy,2024,1.52,False,"NATO, Defence Expenditure of NATO Countries, 2026 edition, Table 3"
Italy,2025,2.09,True,"NATO, Defence Expenditure of NATO Countries, 2026 edition, Table 3"
Italy,2026,2.1,True,"NATO, Defence Expenditure of NATO Countries, 2026 edition, Table 3"
Latvia,2014,0.97,False,"NATO, Defence Expenditure of NATO Countries, 2026 edition, Table 3"
Latvia,2015,1.07,False,"NATO, Defence Expenditure of NATO Countries, 2026 edition, Table 3"
Latvia,2016,1.49,False,"NATO, Defence Expenditure of NATO Countries, 2026 edition, Table 3"
Latvia,2017,1.65,False,"NATO, Defence Expenditure of NATO Countries, 2026 edition, Table 3"
Latvia,2018,2.13,False,"NATO, Defence Expenditure of NATO Countries, 2026 edition, Table 3"
Latvia,2019,2.09,False,"NATO, Defence Expenditure of NATO Countries, 2026 edition, Table 3"
Latvia,2020,2.23,False,"NATO, Defence Expenditure of NATO Countries, 2026 edition, Table 3"
Latvia,2021,2.16,False,"NATO, Defence Expenditure of NATO Countries, 2026 edition, Table 3"
Latvia,2022,2.25,False,"NATO, Defence Expenditure of NATO Countries, 2026 edition, Table 3"
Latvia,2023,2.93,False,"NATO, Defence Expenditure of NATO Countries, 2026 edition, Table 3"
Latvia,2024,3.28,False,"NATO, Defence Expenditure of NATO Countries, 2026 edition, Table 3"
Latvia,2025,3.67,True,"NATO, Defence Expenditure of NATO Countries, 2026 edition, Table 3"
Latvia,2026,4.92,True,"NATO, Defence Expenditure of NATO Countries, 2026 edition, Table 3"
Lithuania,2014,0.88,False,"NATO, Defence Expenditure of NATO Countries, 2026 edition, Table 3"
Lithuania,2015,1.13,False,"NATO, Defence Expenditure of NATO Countries, 2026 edition, Table 3"
Lithuania,2016,1.48,False,"NATO, Defence Expenditure of NATO Countries, 2026 edition, Table 3"
Lithuania,2017,1.71,False,"NATO, Defence Expenditure of NATO Countries, 2026 edition, Table 3"
Lithuania,2018,1.95,False,"NATO, Defence Expenditure of NATO Countries, 2026 edition, Table 3"
Lithuania,2019,1.98,False,"NATO, Defence Expenditure of NATO Countries, 2026 edition, Table 3"
Lithuania,2020,2.05,False,"NATO, Defence Expenditure of NATO Countries, 2026 edition, Table 3"
Lithuania,2021,1.95,False,"NATO, Defence Expenditure of NATO Countries, 2026 edition, Table 3"
Lithuania,2022,2.46,False,"NATO, Defence Expenditure of NATO Countries, 2026 edition, Table 3"
Lithuania,2023,2.69,False,"NATO, Defence Expenditure of NATO Countries, 2026 edition, Table 3"
Lithuania,2024,3.07,False,"NATO, Defence Expenditure of NATO Countries, 2026 edition, Table 3"
Lithuania,2025,4.03,True,"NATO, Defence Expenditure of NATO Countries, 2026 edition, Table 3"
Lithuania,2026,5.33,True,"NATO, Defence Expenditure of NATO Countries, 2026 edition, Table 3"
Luxembourg,2014,0.37,False,"NATO, Defence Expenditure of NATO Countries, 2026 edition, Table 3"
Luxembourg,2015,0.41,False,"NATO, Defence Expenditure of NATO Countries, 2026 edition, Table 3"
Luxembourg,2016,0.38,False,"NATO, Defence Expenditure of NATO Countries, 2026 edition, Table 3"
Luxembourg,2017,0.49,False,"NATO, Defence Expenditure of NATO Countries, 2026 edition, Table 3"
Luxembourg,2018,0.5,False,"NATO, Defence Expenditure of NATO Countries, 2026 edition, Table 3"
Luxembourg,2019,0.55,False,"NATO, Defence Expenditure of NATO Countries, 2026 edition, Table 3"
Luxembourg,2020,0.58,False,"NATO, Defence Expenditure of NATO Countries, 2026 edition, Table 3"
Luxembourg,2021,0.47,False,"NATO, Defence Expenditure of NATO Countries, 2026 edition, Table 3"
Luxembourg,2022,0.57,False,"NATO, Defence Expenditure of NATO Countries, 2026 edition, Table 3"
Luxembourg,2023,1.07,False,"NATO, Defence Expenditure of NATO Countries, 2026 edition, Table 3"
Luxembourg,2024,1.29,False,"NATO, Defence Expenditure of NATO Countries, 2026 edition, Table 3"
Luxembourg,2025,2.01,True,"NATO, Defence Expenditure of NATO Countries, 2026 edition, Table 3"
Luxembourg,2026,2.03,True,"NATO, Defence Expenditure of NATO Countries, 2026 edition, Table 3"
Montenegro,2014,1.51,False,"NATO, Defence Expenditure of NATO Countries, 2026 edition, Table 3"
Montenegro,2015,1.42,False,"NATO, Defence Expenditure of NATO Countries, 2026 edition, Table 3"
Montenegro,2016,1.43,False,"NATO, Defence Expenditure of NATO Countries, 2026 edition, Table 3"
Montenegro,2017,1.36,False,"NATO, Defence Expenditure of NATO Countries, 2026 edition, Table 3"
Montenegro,2018,1.39,False,"NATO, Defence Expenditure of NATO Countries, 2026 edition, Table 3"
Montenegro,2019,1.35,False,"NATO, Defence Expenditure of NATO Countries, 2026 edition, Table 3"
Montenegro,2020,1.75,False,"NATO, Defence Expenditure of NATO Countries, 2026 edition, Table 3"
Montenegro,2021,1.56,False,"NATO, Defence Expenditure of NATO Countries, 2026 edition, Table 3"
Montenegro,2022,1.37,False,"NATO, Defence Expenditure of NATO Countries, 2026 edition, Table 3"
Montenegro,2023,1.5,False,"NATO, Defence Expenditure of NATO Countries, 2026 edition, Table 3"
Montenegro,2024,1.66,False,"NATO, Defence Expenditure of NATO Countries, 2026 edition, Table 3"
Montenegro,2025,2.04,True,"NATO, Defence Expenditure of NATO Countries, 2026 edition, Table 3"
Montenegro,2026,2.17,True,"NATO, Defence Expenditure of NATO Countries, 2026 edition, Table 3"
Netherlands,2014,1.12,False,"NATO, Defence Expenditure of NATO Countries, 2026 edition, Table 3"
Netherlands,2015,1.1,False,"NATO, Defence Expenditure of NATO Countries, 2026 edition, Table 3"
Netherlands,2016,1.13,False,"NATO, Defence Expenditure of NATO Countries, 2026 edition, Table 3"
Netherlands,2017,1.12,False,"NATO, Defence Expenditure of NATO Countries, 2026 edition, Table 3"
Netherlands,2018,1.19,False,"NATO, Defence Expenditure of NATO Countries, 2026 edition, Table 3"
Netherlands,2019,1.29,False,"NATO, Defence Expenditure of NATO Countries, 2026 edition, Table 3"
Netherlands,2020,1.37,False,"NATO, Defence Expenditure of NATO Countries, 2026 edition, Table 3"
Netherlands,2021,1.32,False,"NATO, Defence Expenditure of NATO Countries, 2026 edition, Table 3"
Netherlands,2022,1.39,False,"NATO, Defence Expenditure of NATO Countries, 2026 edition, Table 3"
Netherlands,2023,1.46,False,"NATO, Defence Expenditure of NATO Countries, 2026 edition, Table 3"
Netherlands,2024,2.02,False,"NATO, Defence Expenditure of NATO Countries, 2026 edition, Table 3"
Netherlands,2025,2.53,True,"NATO, Defence Expenditure of NATO Countries, 2026 edition, Table 3"
Netherlands,2026,2.58,True,"NATO, Defence Expenditure of NATO Countries, 2026 edition, Table 3"
North Macedonia,2014,1.09,False,"NATO, Defence Expenditure of NATO Countries, 2026 edition, Table 3"
North Macedonia,2015,1.05,False,"NATO, Defence Expenditure of NATO Countries, 2026 edition, Table 3"
North Macedonia,2016,0.97,False,"NATO, Defence Expenditure of NATO Countries, 2026 edition, Table 3"
North Macedonia,2017,0.89,False,"NATO, Defence Expenditure of NATO Countries, 2026 edition, Table 3"
North Macedonia,2018,0.94,False,"NATO, Defence Expenditure of NATO Countries, 2026 edition, Table 3"
North Macedonia,2019,1.16,False,"NATO, Defence Expenditure of NATO Countries, 2026 edition, Table 3"
North Macedonia,2020,1.24,False,"NATO, Defence Expenditure of NATO Countries, 2026 edition, Table 3"
North Macedonia,2021,1.45,False,"NATO, Defence Expenditure of NATO Countries, 2026 edition, Table 3"
North Macedonia,2022,1.58,False,"NATO, Defence Expenditure of NATO Countries, 2026 edition, Table 3"
North Macedonia,2023,1.67,False,"NATO, Defence Expenditure of NATO Countries, 2026 edition, Table 3"
North Macedonia,2024,1.84,False,"NATO, Defence Expenditure of NATO Countries, 2026 edition, Table 3"
North Macedonia,2025,2.1,True,"NATO, Defence Expenditure of NATO Countries, 2026 edition, Table 3"
North Macedonia,2026,2.09,True,"NATO, Defence Expenditure of NATO Countries, 2026 edition, Table 3"
Norway,2014,1.5,False,"NATO, Defence Expenditure of NATO Countries, 2026 edition, Table 3"
Norway,2015,1.53,False,"NATO, Defence Expenditure of NATO Countries, 2026 edition, Table 3"
Norway,2016,1.68,False,"NATO, Defence Expenditure of NATO Countries, 2026 edition, Table 3"
Norway,2017,1.65,False,"NATO, Defence Expenditure of NATO Countries, 2026 edition, Table 3"
Norway,2018,1.66,False,"NATO, Defence Expenditure of NATO Countries, 2026 edition, Table 3"
Norway,2019,1.78,False,"NATO, Defence Expenditure of NATO Countries, 2026 edition, Table 3"
Norway,2020,1.89,False,"NATO, Defence Expenditure of NATO Countries, 2026 edition, Table 3"
Norway,2021,1.62,False,"NATO, Defence Expenditure of NATO Countries, 2026 edition, Table 3"
Norway,2022,1.41,False,"NATO, Defence Expenditure of NATO Countries, 2026 edition, Table 3"
Norway,2023,1.75,False,"NATO, Defence Expenditure of NATO Countries, 2026 edition, Table 3"
Norway,2024,2.16,False,"NATO, Defence Expenditure of NATO Countries, 2026 edition, Table 3"
Norway,2025,3.16,True,"NATO, Defence Expenditure of NATO Countries, 2026 edition, Table 3"
Norway,2026,3.17,True,"NATO, Defence Expenditure of NATO Countries, 2026 edition, Table 3"
Poland,2014,1.86,False,"NATO, Defence Expenditure of NATO Countries, 2026 edition, Table 3"
Poland,2015,2.21,False,"NATO, Defence Expenditure of NATO Countries, 2026 edition, Table 3"
Poland,2016,1.99,False,"NATO, Defence Expenditure of NATO Countries, 2026 edition, Table 3"
Poland,2017,1.88,False,"NATO, Defence Expenditure of NATO Countries, 2026 edition, Table 3"
Poland,2018,2.0,False,"NATO, Defence Expenditure of NATO Countries, 2026 edition, Table 3"
Poland,2019,1.96,False,"NATO, Defence Expenditure of NATO Countries, 2026 edition, Table 3"
Poland,2020,2.21,False,"NATO, Defence Expenditure of NATO Countries, 2026 edition, Table 3"
Poland,2021,2.19,False,"NATO, Defence Expenditure of NATO Countries, 2026 edition, Table 3"
Poland,2022,2.21,False,"NATO, Defence Expenditure of NATO Countries, 2026 edition, Table 3"
Poland,2023,3.26,False,"NATO, Defence Expenditure of NATO Countries, 2026 edition, Table 3"
Poland,2024,3.75,False,"NATO, Defence Expenditure of NATO Countries, 2026 edition, Table 3"
Poland,2025,4.25,True,"NATO, Defence Expenditure of NATO Countries, 2026 edition, Table 3"
Poland,2026,4.68,True,"NATO, Defence Expenditure of NATO Countries, 2026 edition, Table 3"
Portugal,2014,1.31,False,"NATO, Defence Expenditure of NATO Countries, 2026 edition, Table 3"
Portugal,2015,1.33,False,"NATO, Defence Expenditure of NATO Countries, 2026 edition, Table 3"
Portugal,2016,1.27,False,"NATO, Defence Expenditure of NATO Countries, 2026 edition, Table 3"
Portugal,2017,1.24,False,"NATO, Defence Expenditure of NATO Countries, 2026 edition, Table 3"
Portugal,2018,1.34,False,"NATO, Defence Expenditure of NATO Countries, 2026 edition, Table 3"
Portugal,2019,1.37,False,"NATO, Defence Expenditure of NATO Countries, 2026 edition, Table 3"
Portugal,2020,1.43,False,"NATO, Defence Expenditure of NATO Countries, 2026 edition, Table 3"
Portugal,2021,1.52,False,"NATO, Defence Expenditure of NATO Countries, 2026 edition, Table 3"
Portugal,2022,1.39,False,"NATO, Defence Expenditure of NATO Countries, 2026 edition, Table 3"
Portugal,2023,1.32,False,"NATO, Defence Expenditure of NATO Countries, 2026 edition, Table 3"
Portugal,2024,1.55,False,"NATO, Defence Expenditure of NATO Countries, 2026 edition, Table 3"
Portugal,2025,2.01,True,"NATO, Defence Expenditure of NATO Countries, 2026 edition, Table 3"
Portugal,2026,2.1,True,"NATO, Defence Expenditure of NATO Countries, 2026 edition, Table 3"
Romania,2014,1.35,False,"NATO, Defence Expenditure of NATO Countries, 2026 edition, Table 3"
Romania,2015,1.45,False,"NATO, Defence Expenditure of NATO Countries, 2026 edition, Table 3"
Romania,2016,1.43,False,"NATO, Defence Expenditure of NATO Countries, 2026 edition, Table 3"
Romania,2017,1.73,False,"NATO, Defence Expenditure of NATO Countries, 2026 edition, Table 3"
Romania,2018,1.8,False,"NATO, Defence Expenditure of NATO Countries, 2026 edition, Table 3"
Romania,2019,1.84,False,"NATO, Defence Expenditure of NATO Countries, 2026 edition, Table 3"
Romania,2020,2.01,False,"NATO, Defence Expenditure of NATO Countries, 2026 edition, Table 3"
Romania,2021,1.86,False,"NATO, Defence Expenditure of NATO Countries, 2026 edition, Table 3"
Romania,2022,1.76,False,"NATO, Defence Expenditure of NATO Countries, 2026 edition, Table 3"
Romania,2023,1.61,False,"NATO, Defence Expenditure of NATO Countries, 2026 edition, Table 3"
Romania,2024,2.17,False,"NATO, Defence Expenditure of NATO Countries, 2026 edition, Table 3"
Romania,2025,2.19,True,"NATO, Defence Expenditure of NATO Countries, 2026 edition, Table 3"
Romania,2026,2.43,True,"NATO, Defence Expenditure of NATO Countries, 2026 edition, Table 3"
Slovak Republic,2014,0.98,False,"NATO, Defence Expenditure of NATO Countries, 2026 edition, Table 3"
Slovak Republic,2015,1.11,False,"NATO, Defence Expenditure of NATO Countries, 2026 edition, Table 3"
Slovak Republic,2016,1.11,False,"NATO, Defence Expenditure of NATO Countries, 2026 edition, Table 3"
Slovak Republic,2017,1.1,False,"NATO, Defence Expenditure of NATO Countries, 2026 edition, Table 3"
Slovak Republic,2018,1.22,False,"NATO, Defence Expenditure of NATO Countries, 2026 edition, Table 3"
Slovak Republic,2019,1.7,False,"NATO, Defence Expenditure of NATO Countries, 2026 edition, Table 3"
Slovak Republic,2020,1.9,False,"NATO, Defence Expenditure of NATO Countries, 2026 edition, Table 3"
Slovak Republic,2021,1.71,False,"NATO, Defence Expenditure of NATO Countries, 2026 edition, Table 3"
Slovak Republic,2022,1.8,False,"NATO, Defence Expenditure of NATO Countries, 2026 edition, Table 3"
Slovak Republic,2023,1.74,False,"NATO, Defence Expenditure of NATO Countries, 2026 edition, Table 3"
Slovak Republic,2024,1.99,False,"NATO, Defence Expenditure of NATO Countries, 2026 edition, Table 3"
Slovak Republic,2025,2.03,True,"NATO, Defence Expenditure of NATO Countries, 2026 edition, Table 3"
Slovak Republic,2026,2.02,True,"NATO, Defence Expenditure of NATO Countries, 2026 edition, Table 3"
Slovenia,2014,0.98,False,"NATO, Defence Expenditure of NATO Countries, 2026 edition, Table 3"
Slovenia,2015,0.94,False,"NATO, Defence Expenditure of NATO Countries, 2026 edition, Table 3"
Slovenia,2016,1.02,False,"NATO, Defence Expenditure of NATO Countries, 2026 edition, Table 3"
Slovenia,2017,0.99,False,"NATO, Defence Expenditure of NATO Countries, 2026 edition, Table 3"
Slovenia,2018,1.02,False,"NATO, Defence Expenditure of NATO Countries, 2026 edition, Table 3"
Slovenia,2019,1.06,False,"NATO, Defence Expenditure of NATO Countries, 2026 edition, Table 3"
Slovenia,2020,1.07,False,"NATO, Defence Expenditure of NATO Countries, 2026 edition, Table 3"
Slovenia,2021,1.24,False,"NATO, Defence Expenditure of NATO Countries, 2026 edition, Table 3"
Slovenia,2022,1.3,False,"NATO, Defence Expenditure of NATO Countries, 2026 edition, Table 3"
Slovenia,2023,1.31,False,"NATO, Defence Expenditure of NATO Countries, 2026 edition, Table 3"
Slovenia,2024,1.34,False,"NATO, Defence Expenditure of NATO Countries, 2026 edition, Table 3"
Slovenia,2025,1.57,True,"NATO, Defence Expenditure of NATO Countries, 2026 edition, Table 3"
Slovenia,2026,1.61,True,"NATO, Defence Expenditure of NATO Countries, 2026 edition, Table 3"
Spain,2014,0.92,False,"NATO, Defence Expenditure of NATO Countries, 2026 edition, Table 3"
Spain,2015,0.92,False,"NATO, Defence Expenditure of NATO Countries, 2026 edition, Table 3"
Spain,2016,0.8,False,"NATO, Defence Expenditure of NATO Countries, 2026 edition, Table 3"
Spain,2017,0.9,False,"NATO, Defence Expenditure of NATO Countries, 2026 edition, Table 3"
Spain,2018,0.92,False,"NATO, Defence Expenditure of NATO Countries, 2026 edition, Table 3"
Spain,2019,0.9,False,"NATO, Defence Expenditure of NATO Countries, 2026 edition, Table 3"
Spain,2020,1.0,False,"NATO, Defence Expenditure of NATO Countries, 2026 edition, Table 3"
Spain,2021,1.02,False,"NATO, Defence Expenditure of NATO Countries, 2026 edition, Table 3"
Spain,2022,1.13,False,"NATO, Defence Expenditure of NATO Countries, 2026 edition, Table 3"
Spain,2023,1.17,False,"NATO, Defence Expenditure of NATO Countries, 2026 edition, Table 3"
Spain,2024,1.42,False,"NATO, Defence Expenditure of NATO Countries, 2026 edition, Table 3"
Spain,2025,2.0,True,"NATO, Defence Expenditure of NATO Countries, 2026 edition, Table 3"
Spain,2026,2.0,True,"NATO, Defence Expenditure of NATO Countries, 2026 edition, Table 3"
Sweden,2014,1.07,False,"NATO, Defence Expenditure of NATO Countries, 2026 edition, Table 3"
Sweden,2015,1.02,False,"NATO, Defence Expenditure of NATO Countries, 2026 edition, Table 3"
Sweden,2016,0.98,False,"NATO, Defence Expenditure of NATO Countries, 2026 edition, Table 3"
Sweden,2017,0.98,False,"NATO, Defence Expenditure of NATO Countries, 2026 edition, Table 3"
Sweden,2018,0.98,False,"NATO, Defence Expenditure of NATO Countries, 2026 edition, Table 3"
Sweden,2019,1.05,False,"NATO, Defence Expenditure of NATO Countries, 2026 edition, Table 3"
Sweden,2020,1.1,False,"NATO, Defence Expenditure of NATO Countries, 2026 edition, Table 3"
Sweden,2021,1.44,False,"NATO, Defence Expenditure of NATO Countries, 2026 edition, Table 3"
Sweden,2022,1.49,False,"NATO, Defence Expenditure of NATO Countries, 2026 edition, Table 3"
Sweden,2023,1.71,False,"NATO, Defence Expenditure of NATO Countries, 2026 edition, Table 3"
Sweden,2024,2.2,False,"NATO, Defence Expenditure of NATO Countries, 2026 edition, Table 3"
Sweden,2025,2.85,True,"NATO, Defence Expenditure of NATO Countries, 2026 edition, Table 3"
Sweden,2026,3.22,True,"NATO, Defence Expenditure of NATO Countries, 2026 edition, Table 3"
Türkiye,2014,1.44,False,"NATO, Defence Expenditure of NATO Countries, 2026 edition, Table 3"
Türkiye,2015,1.38,False,"NATO, Defence Expenditure of NATO Countries, 2026 edition, Table 3"
Türkiye,2016,1.45,False,"NATO, Defence Expenditure of NATO Countries, 2026 edition, Table 3"
Türkiye,2017,1.5,False,"NATO, Defence Expenditure of NATO Countries, 2026 edition, Table 3"
Türkiye,2018,1.79,False,"NATO, Defence Expenditure of NATO Countries, 2026 edition, Table 3"
Türkiye,2019,1.82,False,"NATO, Defence Expenditure of NATO Countries, 2026 edition, Table 3"
Türkiye,2020,1.83,False,"NATO, Defence Expenditure of NATO Countries, 2026 edition, Table 3"
Türkiye,2021,1.57,False,"NATO, Defence Expenditure of NATO Countries, 2026 edition, Table 3"
Türkiye,2022,1.33,False,"NATO, Defence Expenditure of NATO Countries, 2026 edition, Table 3"
Türkiye,2023,1.45,False,"NATO, Defence Expenditure of NATO Countries, 2026 edition, Table 3"
Türkiye,2024,2.08,False,"NATO, Defence Expenditure of NATO Countries, 2026 edition, Table 3"
Türkiye,2025,2.33,True,"NATO, Defence Expenditure of NATO Countries, 2026 edition, Table 3"
Türkiye,2026,2.85,True,"NATO, Defence Expenditure of NATO Countries, 2026 edition, Table 3"
United Kingdom,2014,2.13,False,"NATO, Defence Expenditure of NATO Countries, 2026 edition, Table 3"
United Kingdom,2015,2.02,False,"NATO, Defence Expenditure of NATO Countries, 2026 edition, Table 3"
United Kingdom,2016,2.07,False,"NATO, Defence Expenditure of NATO Countries, 2026 edition, Table 3"
United Kingdom,2017,2.06,False,"NATO, Defence Expenditure of NATO Countries, 2026 edition, Table 3"
United Kingdom,2018,2.08,False,"NATO, Defence Expenditure of NATO Countries, 2026 edition, Table 3"
United Kingdom,2019,2.06,False,"NATO, Defence Expenditure of NATO Countries, 2026 edition, Table 3"
United Kingdom,2020,2.33,False,"NATO, Defence Expenditure of NATO Countries, 2026 edition, Table 3"
United Kingdom,2021,2.25,False,"NATO, Defence Expenditure of NATO Countries, 2026 edition, Table 3"
United Kingdom,2022,2.22,False,"NATO, Defence Expenditure of NATO Countries, 2026 edition, Table 3"
United Kingdom,2023,2.22,False,"NATO, Defence Expenditure of NATO Countries, 2026 edition, Table 3"
United Kingdom,2024,2.28,False,"NATO, Defence Expenditure of NATO Countries, 2026 edition, Table 3"
United Kingdom,2025,2.32,True,"NATO, Defence Expenditure of NATO Countries, 2026 edition, Table 3"
United Kingdom,2026,2.56,True,"NATO, Defence Expenditure of NATO Countries, 2026 edition, Table 3"
United States,2014,3.71,False,"NATO, Defence Expenditure of NATO Countries, 2026 edition, Table 3"
United States,2015,3.51,False,"NATO, Defence Expenditure of NATO Countries, 2026 edition, Table 3"
United States,2016,3.49,False,"NATO, Defence Expenditure of NATO Countries, 2026 edition, Table 3"
United States,2017,3.28,False,"NATO, Defence Expenditure of NATO Countries, 2026 edition, Table 3"
United States,2018,3.25,False,"NATO, Defence Expenditure of NATO Countries, 2026 edition, Table 3"
United States,2019,3.49,False,"NATO, Defence Expenditure of NATO Countries, 2026 edition, Table 3"
United States,2020,3.61,False,"NATO, Defence Expenditure of NATO Countries, 2026 edition, Table 3"
United States,2021,3.47,False,"NATO, Defence Expenditure of NATO Countries, 2026 edition, Table 3"
United States,2022,3.2,False,"NATO, Defence Expenditure of NATO Countries, 2026 edition, Table 3"
United States,2023,3.15,False,"NATO, Defence Expenditure of NATO Countries, 2026 edition, Table 3"
United States,2024,3.3,False,"NATO, Defence Expenditure of NATO Countries, 2026 edition, Table 3"
United States,2025,3.17,True,"NATO, Defence Expenditure of NATO Countries, 2026 edition, Table 3"
United States,2026,3.17,True,"NATO, Defence Expenditure of NATO Countries, 2026 edition, Table 3"
