pathway,block,year,p05,p10,p25,p50,p75,p90,p95
accretion,Indo-Pacific allies,2026,173465.9,175743.5,177136.5,178857.2,182293.5,184825.9,185464.9
accretion,NATO Europe,2026,537033.7,541662.9,550052.1,563722.5,574076.1,584531.0,623449.1
accretion,Hedging middle powers,2026,232233.7,236095.4,244625.8,257706.5,264997.6,269177.8,272871.7
accretion,United States,2026,844350.0,859730.2,893092.9,922779.0,965655.2,1018913.6,1074387.0
accretion,China,2026,314268.6,339884.8,345929.4,351132.2,358539.1,384252.0,392732.2
accretion,Rest of world,2026,341167.0,348270.7,377669.6,392269.8,402773.3,429386.2,440598.3
accretion,Indo-Pacific allies,2027,174753.5,176759.3,179698.6,183623.5,187399.6,190961.1,193070.8
accretion,NATO Europe,2027,525808.2,534758.7,551361.8,570705.3,593819.9,626823.2,646497.4
accretion,Hedging middle powers,2027,226781.8,234625.7,247444.9,263003.4,277193.9,290243.8,310416.0
accretion,United States,2027,798799.1,827591.3,869242.3,922846.8,983642.0,1062020.6,1178177.2
accretion,China,2027,322024.7,344822.7,359426.6,369505.2,388671.8,409138.8,418063.0
accretion,Rest of world,2027,352853.8,362864.8,388510.9,413404.4,437630.3,465696.6,479168.6
accretion,Indo-Pacific allies,2028,176277.3,178674.2,182818.3,187648.0,192488.3,196962.0,200186.9
accretion,NATO Europe,2028,518851.0,532029.3,553898.9,580216.7,613353.8,651639.1,677506.3
accretion,Hedging middle powers,2028,224066.3,233647.6,250387.5,269433.8,288882.1,310291.0,331713.7
accretion,United States,2028,771117.7,802234.0,856392.2,923906.9,1003792.5,1122596.6,1284035.0
accretion,China,2028,332121.7,349923.8,374134.4,389847.5,416471.1,437267.2,453855.9
accretion,Rest of world,2028,357260.0,375468.6,402248.2,436468.0,469236.5,502335.0,522047.1
accretion,Indo-Pacific allies,2029,178363.5,181079.7,186095.8,191751.4,197549.7,203204.1,206708.8
accretion,NATO Europe,2029,515161.8,531337.4,557045.4,590877.6,631156.6,676792.0,712303.2
accretion,Hedging middle powers,2029,223279.7,234451.2,253473.5,276505.2,300976.7,328348.2,350996.4
accretion,United States,2029,747085.9,782590.1,845319.9,924147.2,1024774.0,1189772.3,1439983.7
accretion,China,2029,344011.7,360730.1,389716.1,411995.9,442744.1,471946.2,491741.3
accretion,Rest of world,2029,365737.6,385654.0,418510.6,460854.2,502556.1,542831.1,568125.1
accretion,Indo-Pacific allies,2030,180478.4,183789.5,189447.3,196055.2,202781.8,209197.8,213312.8
accretion,NATO Europe,2030,512365.2,530839.4,562206.2,601266.4,648992.9,704669.6,745573.0
accretion,Hedging middle powers,2030,222732.2,234835.0,257557.9,283385.2,312479.9,344781.3,368517.0
accretion,United States,2030,727344.7,765138.5,834264.3,926281.3,1043245.8,1252064.5,1510449.2
accretion,China,2030,356903.4,375297.6,406484.0,435527.9,470203.4,505321.0,527903.1
accretion,Rest of world,2030,375164.1,397475.0,438288.6,484909.2,535945.4,583015.4,614105.6
accretion,Indo-Pacific allies,2031,182874.6,186418.1,192724.7,200130.0,207864.2,215603.5,220245.1
accretion,NATO Europe,2031,510860.8,530961.3,566409.3,612024.0,667175.2,729001.8,773004.2
accretion,Hedging middle powers,2031,223635.6,236244.4,261067.8,290190.6,324346.9,361355.3,389864.6
accretion,United States,2031,705343.3,748396.0,823956.6,929335.0,1065594.7,1317678.5,1551706.9
accretion,China,2031,369643.2,390974.8,424562.1,459950.5,499121.9,540794.8,567263.2
accretion,Rest of world,2031,388580.0,411706.6,458274.7,511412.8,570877.1,626481.2,663443.7
accretion,Indo-Pacific allies,2032,185147.2,189333.5,196441.5,204511.6,213281.8,221790.4,227480.3
accretion,NATO Europe,2032,507244.5,531333.9,572075.1,623102.7,683287.4,750435.5,800062.3
accretion,Hedging middle powers,2032,223189.9,238046.0,265077.2,297974.1,336723.8,378217.4,410584.7
accretion,United States,2032,690072.1,735205.7,816611.8,931905.5,1085966.7,1365648.2,1581993.4
accretion,China,2032,384452.0,405171.8,443277.3,485502.4,529920.6,578194.9,608452.1
accretion,Rest of world,2032,400127.6,426974.2,476901.2,537658.3,606957.9,671779.9,715749.1
accretion,Indo-Pacific allies,2033,187404.7,192277.5,199985.1,209098.2,218914.6,228212.3,234457.5
accretion,NATO Europe,2033,507683.8,534208.8,577546.5,635082.4,701376.0,775895.8,826845.5
accretion,Hedging middle powers,2033,223550.8,240247.0,269233.7,306197.1,348266.4,396006.2,432383.3
accretion,United States,2033,675104.8,721943.6,811387.8,934014.5,1104313.7,1404192.6,1641500.8
accretion,China,2033,397362.9,422050.1,464360.8,511843.9,563225.4,616561.6,649806.6
accretion,Rest of world,2033,413348.6,443540.2,500004.2,567245.7,645556.2,718873.5,769528.7
accretion,Indo-Pacific allies,2034,189892.3,195250.5,203856.6,213839.6,224126.2,234700.6,240879.7
accretion,NATO Europe,2034,507120.7,535911.1,584225.8,647149.1,719505.7,800081.6,855697.6
accretion,Hedging middle powers,2034,225223.2,242009.7,273753.3,314117.1,361001.1,414788.7,451321.3
accretion,United States,2034,664903.1,712453.5,806100.0,935951.8,1131517.7,1452322.6,1682745.6
accretion,China,2034,413377.6,439338.3,485603.4,538686.9,596667.4,657486.6,693186.7
accretion,Rest of world,2034,424406.7,461061.1,524132.5,600089.0,685624.2,772327.9,824706.9
accretion,Indo-Pacific allies,2035,192561.2,198230.4,207732.7,218558.4,230140.5,241184.1,248418.2
accretion,NATO Europe,2035,509197.3,538957.1,590887.8,658634.0,738657.0,825622.7,886316.0
accretion,Hedging middle powers,2035,226348.6,244059.3,278930.6,323254.9,375501.2,433739.0,476350.0
accretion,United States,2035,653208.9,703401.9,803057.0,939959.7,1149556.1,1485492.0,1741837.2
accretion,China,2035,429949.8,458986.4,508198.8,567783.9,632775.4,698439.4,741998.1
accretion,Rest of world,2035,441494.6,479696.0,548191.4,633156.5,729092.7,824476.8,885602.6
retrenchment,Indo-Pacific allies,2026,173528.5,175692.8,177153.7,178920.8,182386.7,184919.8,185574.3
retrenchment,NATO Europe,2026,536083.8,541183.7,549704.6,563244.9,573828.7,584569.7,623214.9
retrenchment,Hedging middle powers,2026,232018.4,235929.4,244187.0,258414.6,265027.7,269265.1,273518.1
retrenchment,United States,2026,801438.1,821148.6,851092.8,876531.3,921184.3,974442.7,1029916.1
retrenchment,China,2026,314268.6,339884.8,345929.4,352497.5,358884.1,384252.0,392732.2
retrenchment,Rest of world,2026,341167.0,348270.7,377669.6,392269.8,402773.3,429386.2,440598.3
retrenchment,Indo-Pacific allies,2027,174319.0,176202.3,179202.6,183037.9,186821.4,190440.4,192432.9
retrenchment,NATO Europe,2027,518012.4,527504.0,544477.2,564015.0,586385.9,619054.7,639415.4
retrenchment,Hedging middle powers,2027,223020.1,231572.9,244581.3,260383.8,275071.4,288105.5,307481.5
retrenchment,United States,2027,716881.8,743310.6,784954.0,833255.6,892696.4,969696.9,1088356.3
retrenchment,China,2027,321389.7,346625.5,359088.6,369566.4,388998.5,409985.8,418074.8
retrenchment,Rest of world,2027,352668.4,362874.9,387309.7,413404.4,438032.3,465696.6,477479.2
retrenchment,Indo-Pacific allies,2028,175053.3,177447.5,181565.0,186385.9,191465.6,195838.3,198736.3
retrenchment,NATO Europe,2028,504899.2,517517.6,539515.8,566582.3,599498.2,635042.1,663393.0
retrenchment,Hedging middle powers,2028,217460.8,227198.6,244513.1,263319.1,283364.4,304686.2,323437.3
retrenchment,United States,2028,654660.6,683951.4,733622.3,793683.3,866305.3,975485.3,1117549.1
retrenchment,China,2028,332593.8,349923.0,373783.9,390143.1,417421.1,438200.4,454406.9
retrenchment,Rest of world,2028,356953.3,374515.9,400290.0,436120.4,469816.2,502348.6,522297.6
retrenchment,Indo-Pacific allies,2029,175943.6,178955.0,184157.3,189933.9,195815.1,201596.6,204792.6
retrenchment,NATO Europe,2029,491776.1,508689.7,536079.7,570465.4,609826.2,651809.7,683282.0
retrenchment,Hedging middle powers,2029,213093.3,224136.7,244255.1,267281.9,292322.5,318601.0,339318.2
retrenchment,United States,2029,604147.3,634622.4,687507.6,755612.6,840101.2,962602.9,1156384.5
retrenchment,China,2029,344073.8,360885.1,389106.2,412256.1,443080.2,470925.1,491424.4
retrenchment,Rest of world,2029,363239.9,385359.4,417789.8,459479.0,503198.6,543841.0,568464.1
retrenchment,Indo-Pacific allies,2030,177514.4,180815.0,186808.5,193639.8,200552.1,206917.9,211032.0
retrenchment,NATO Europe,2030,481483.5,500676.6,533592.5,573391.7,618199.4,667427.3,700276.2
retrenchment,Hedging middle powers,2030,208888.9,221408.2,243552.3,270100.4,300119.8,331695.1,354107.0
retrenchment,United States,2030,558708.8,590390.7,646569.7,720290.6,817450.6,970871.3,1170234.2
retrenchment,China,2030,355577.6,374418.7,405758.8,434773.1,470218.7,506273.2,528421.6
retrenchment,Rest of world,2030,374085.4,397546.9,436530.5,484423.3,534448.7,584597.9,614604.2
retrenchment,Indo-Pacific allies,2031,178931.4,182830.6,189480.7,197344.7,205227.6,212609.1,217274.4
retrenchment,NATO Europe,2031,472261.3,494156.5,531137.5,577697.4,629596.0,684982.7,721405.8
retrenchment,Hedging middle powers,2031,205088.8,219273.3,243707.2,274305.7,308543.7,344513.9,369980.4
retrenchment,United States,2031,519517.0,549336.9,609045.4,685955.8,792186.9,968448.5,1163058.1
retrenchment,China,2031,368391.3,388023.2,423028.3,458403.2,499074.5,540335.8,565330.9
retrenchment,Rest of world,2031,386693.6,411853.4,455641.8,511428.6,569852.0,627809.3,662110.7
retrenchment,Indo-Pacific allies,2032,180407.4,184807.6,192324.2,200976.6,209788.8,218287.3,223339.1
retrenchment,NATO Europe,2032,463703.5,488244.2,530582.5,581243.2,639297.8,700131.4,737314.9
retrenchment,Hedging middle powers,2032,201598.8,217204.7,244921.8,278145.0,316262.0,356794.2,384630.7
retrenchment,United States,2032,481824.4,513162.2,574851.7,656420.6,771420.8,966186.9,1151588.7
retrenchment,China,2032,382194.5,403087.1,441794.7,483915.3,530008.4,576476.0,605554.9
retrenchment,Rest of world,2032,398758.8,428030.7,477087.3,539288.5,606424.3,673384.3,714153.3
retrenchment,Indo-Pacific allies,2033,181938.6,186826.4,195215.5,204832.2,214745.9,223704.2,229601.7
retrenchment,NATO Europe,2033,455643.8,481609.4,528993.6,585422.2,649007.2,715463.8,756858.3
retrenchment,Hedging middle powers,2033,199286.5,216400.0,245563.2,282486.3,325768.5,371488.8,399214.2
retrenchment,United States,2033,447476.7,479522.5,542474.2,626942.5,751072.7,962896.2,1134740.4
retrenchment,China,2033,396076.5,420560.7,461178.6,510366.3,562461.4,615142.9,649292.9
retrenchment,Rest of world,2033,412239.1,443577.4,499800.9,567262.3,643885.0,722631.0,770433.2
retrenchment,Indo-Pacific allies,2034,184037.2,189189.0,198292.6,208614.6,219681.9,229693.0,235885.3
retrenchment,NATO Europe,2034,447274.2,477433.5,529234.2,589072.4,658631.4,731184.9,778779.6
retrenchment,Hedging middle powers,2034,196892.4,214697.3,246380.6,286526.9,334082.2,383126.4,416800.3
retrenchment,United States,2034,417547.5,451528.7,512765.3,598762.7,727811.5,942653.1,1114455.0
retrenchment,China,2034,411226.2,437561.0,483266.9,537390.9,596001.9,655483.1,693055.5
retrenchment,Rest of world,2034,428960.6,461924.6,524166.7,600242.0,687151.5,770278.7,827993.1
retrenchment,Indo-Pacific allies,2035,185787.6,191174.6,201404.8,212839.2,224380.3,235842.0,242356.1
retrenchment,NATO Europe,2035,439874.4,473896.5,527260.6,593000.0,668343.8,745364.0,794596.8
retrenchment,Hedging middle powers,2035,194319.3,212260.2,248201.7,291269.2,342829.4,396764.1,433194.0
retrenchment,United States,2035,390365.1,422537.4,485839.2,572303.8,707452.2,926944.9,1091470.5
retrenchment,China,2035,426554.3,455989.0,507335.8,566236.2,632213.7,697152.5,739179.2
retrenchment,Rest of world,2035,444178.5,481475.6,548940.1,632340.5,728683.9,827440.0,889233.8
demonstration,Indo-Pacific allies,2026,173459.1,175708.0,177115.3,178901.7,182392.3,184860.5,185515.1
demonstration,NATO Europe,2026,536656.9,541206.9,549839.0,563192.8,573697.2,584422.2,623146.6
demonstration,Hedging middle powers,2026,232322.9,236587.0,246280.9,258548.0,264932.0,269119.1,272964.0
demonstration,United States,2026,845909.0,865619.5,895563.7,922779.0,965655.2,1018913.6,1074387.0
demonstration,China,2026,314268.6,339884.8,345929.4,351132.2,358539.1,384252.0,392732.2
demonstration,Rest of world,2026,341167.0,348270.7,377669.6,392269.8,402773.3,429386.2,440598.3
demonstration,Indo-Pacific allies,2027,174994.0,176802.0,179785.0,183532.4,187446.3,191122.0,193141.1
demonstration,NATO Europe,2027,526289.8,535718.0,551578.8,570460.3,593813.5,625623.7,644957.4
demonstration,Hedging middle powers,2027,226470.7,234319.1,247529.9,263660.6,277197.4,290032.3,310502.6
demonstration,United States,2027,800064.6,827591.3,871444.6,924075.0,985064.5,1070055.1,1181508.5
demonstration,China,2027,320501.2,343400.4,359088.0,369572.3,389435.8,410845.8,418074.8
demonstration,Rest of world,2027,352676.4,362883.2,388348.7,413294.0,437178.2,463901.0,477479.2
demonstration,Indo-Pacific allies,2028,176504.1,178960.6,182873.2,187615.6,192625.5,197193.3,200220.3
demonstration,NATO Europe,2028,523864.5,538086.9,561085.7,589054.1,625260.5,663414.9,690590.9
demonstration,Hedging middle powers,2028,226901.6,236575.6,253539.0,273656.9,294521.4,319112.5,339597.6
demonstration,United States,2028,773060.8,804311.9,858555.1,921696.8,1006619.8,1126561.0,1327275.0
demonstration,China,2028,332247.3,348872.8,373597.6,389940.4,417687.5,437682.1,452518.3
demonstration,Rest of world,2028,355524.7,373594.9,401648.1,435972.4,468448.3,501185.8,522049.0
demonstration,Indo-Pacific allies,2029,178447.5,181370.0,186402.4,191929.0,197827.1,203491.3,207145.7
demonstration,NATO Europe,2029,528778.9,546155.1,577797.6,618592.6,665495.1,714674.8,748238.7
demonstration,Hedging middle powers,2029,230422.6,241282.9,262851.2,288658.4,317062.7,347941.9,371466.3
demonstration,United States,2029,747992.4,782666.8,845455.1,922764.7,1024597.9,1188487.3,1453052.0
demonstration,China,2029,343784.6,359887.5,389572.8,412148.4,443370.0,470006.9,490087.6
demonstration,Rest of world,2029,365824.7,386085.8,418947.5,460248.8,500775.2,542173.4,568649.8
demonstration,Indo-Pacific allies,2030,180432.9,183776.2,189642.6,196201.9,203020.5,209847.9,214206.3
demonstration,NATO Europe,2030,542369.1,563448.2,604007.0,653476.8,707358.8,766081.6,808213.3
demonstration,Hedging middle powers,2030,237551.2,251455.6,276808.3,307833.4,341845.3,379400.6,405723.3
demonstration,United States,2030,727269.8,766932.6,838295.9,926958.8,1043732.7,1260802.8,1513741.3
demonstration,China,2030,355053.1,374152.9,406094.2,435017.4,470756.3,505430.3,528014.9
demonstration,Rest of world,2030,376521.0,398746.6,438245.0,485349.4,534365.0,582057.4,612944.7
demonstration,Indo-Pacific allies,2031,182616.4,186779.6,193275.3,200679.9,208394.5,216220.3,221247.5
demonstration,NATO Europe,2031,571964.7,595551.2,638460.8,690409.0,750292.1,817995.4,862169.1
demonstration,Hedging middle powers,2031,251250.5,266573.9,294318.3,328994.6,368158.8,412115.7,443003.1
demonstration,United States,2031,708713.3,752500.9,829240.9,927141.5,1067445.6,1307590.7,1556379.8
demonstration,China,2031,367341.4,388414.5,423671.8,459508.7,499842.6,540727.5,568169.0
demonstration,Rest of world,2031,389280.6,414402.1,458207.5,511531.8,569402.1,626875.8,662937.7
demonstration,Indo-Pacific allies,2032,185066.4,189578.6,196830.8,205048.9,213855.6,222397.9,228044.5
demonstration,NATO Europe,2032,587986.7,614583.8,662008.2,719323.9,787429.3,859457.2,909697.3
demonstration,Hedging middle powers,2032,259714.7,276817.3,308680.8,346820.6,390829.5,439659.9,474501.4
demonstration,United States,2032,695637.5,739344.4,819163.5,929542.8,1085908.4,1364575.1,1602421.0
demonstration,China,2032,380806.1,403386.1,443086.9,484847.5,530114.0,576090.1,607304.3
demonstration,Rest of world,2032,401938.5,430325.9,480763.3,539078.7,606062.2,670573.6,713051.3
demonstration,Indo-Pacific allies,2033,187911.2,192880.2,200492.6,209537.6,219374.4,228906.5,234686.9
demonstration,NATO Europe,2033,595300.6,623616.8,676136.5,741696.7,816449.2,898512.2,952752.7
demonstration,Hedging middle powers,2033,264553.1,282624.7,317087.5,359693.5,410455.6,466412.7,508037.3
demonstration,United States,2033,680919.2,725342.0,815752.3,935425.2,1105194.7,1415993.1,1654488.1
demonstration,China,2033,396178.1,420370.2,463832.7,511049.4,562240.6,614294.9,648300.0
demonstration,Rest of world,2033,417201.2,447495.8,501200.5,568333.5,644052.2,721045.9,769538.9
demonstration,Indo-Pacific allies,2034,190745.7,195843.8,204289.9,214360.4,225204.8,235436.2,241926.8
demonstration,NATO Europe,2034,600773.0,630166.5,687129.5,757639.1,840182.7,933637.0,997185.3
demonstration,Hedging middle powers,2034,266456.0,286276.8,323954.3,371412.1,426157.5,488739.0,537207.8
demonstration,United States,2034,665562.6,712404.5,809702.7,935430.7,1128856.4,1471059.9,1730119.2
demonstration,China,2034,409790.4,436977.1,484997.6,538920.0,596414.2,655253.1,692053.4
demonstration,Rest of world,2034,429780.5,464796.5,524197.1,601156.6,687142.0,773912.3,827026.3
demonstration,Indo-Pacific allies,2035,193664.1,198582.0,208150.0,219113.6,230953.3,242003.6,249375.6
demonstration,NATO Europe,2035,601752.5,632470.2,695017.3,772132.5,863274.0,964000.9,1033360.2
demonstration,Hedging middle powers,2035,266945.5,290170.5,330024.2,381151.5,443966.8,515293.3,563494.1
demonstration,United States,2035,655055.1,703647.8,805313.7,941391.4,1147971.7,1505040.5,1751947.3
demonstration,China,2035,425496.9,455535.2,506935.7,567816.8,632552.2,696764.6,739781.6
demonstration,Rest of world,2035,447151.6,484829.1,551026.5,633391.2,730470.1,829076.0,893484.5
