currency,pathway,quarter,p05,p10,p25,p50,p75,p90,p95
USD,accretion,2026Q2,55.751753197551245,56.09723423259105,56.607026135389546,56.94850700509815,57.429294176170174,57.91141587385402,58.097782162346206
USD,accretion,2026Q3,55.16365505119212,55.5635722495276,56.19298103463086,56.81818864042498,57.47241342770643,58.034468291979785,58.37409712112393
USD,accretion,2026Q4,54.58133157908584,55.08895424022393,55.85161711972515,56.65464161271959,57.45913935203252,58.15355835526982,58.586821510549996
USD,accretion,2027Q1,54.0866122874838,54.66129222935048,55.54185408368951,56.48513592807898,57.432617128239244,58.22657612421913,58.738587646950926
USD,accretion,2027Q2,53.578525539416695,54.24330816444709,55.271610064579434,56.32158956687911,57.39034600694805,58.313024453531725,58.892056142611764
USD,accretion,2027Q3,53.10993128240117,53.89957974989899,54.99260531774904,56.164057054836476,57.3304041903085,58.40048265342362,58.9733512328383
USD,accretion,2027Q4,52.69143326600369,53.476525110238036,54.69047918967777,56.00911892701366,57.29189338153016,58.41717524991679,59.05653675444073
USD,accretion,2028Q1,52.301765533743676,53.13798518009864,54.42013988979672,55.846897608185486,57.232203608959075,58.43935100820372,59.14822070512592
USD,accretion,2028Q2,51.905143637573,52.78005384289242,54.162053400064465,55.671373840221705,57.135921643839794,58.480526498546574,59.2164131497673
USD,accretion,2028Q3,51.556098600450326,52.42505810966849,53.91312051985466,55.49759010389991,57.076173202031256,58.470325306788595,59.28966829233875
USD,accretion,2028Q4,51.166096837346366,52.09166958670849,53.637209672070775,55.32603282530488,57.01733715376696,58.49061036411576,59.327142374090954
USD,accretion,2029Q1,50.80534242659916,51.72825205758279,53.38153472156711,55.16176908740308,56.95427841616265,58.54870724908051,59.42941761129623
USD,accretion,2029Q2,50.39455740230336,51.40208630004326,53.11154095197745,54.99162921082874,56.85659617043525,58.5071238617642,59.450411138276834
USD,accretion,2029Q3,50.05686407380044,51.08265213042863,52.869767130068645,54.82494807689494,56.782013068706384,58.55136734809358,59.50729172579855
USD,accretion,2029Q4,49.65224753393824,50.778346099367205,52.6388022264763,54.691131406933074,56.71815472903566,58.50648600617512,59.551249563051236
USD,accretion,2030Q1,49.353120915520286,50.48926886389256,52.388211622183135,54.52541763601759,56.61430915620636,58.457751449369916,59.588656493042485
USD,accretion,2030Q2,48.94081093851174,50.20163271639053,52.12371852867018,54.35620433417166,56.50782215205302,58.49293090164951,59.61178025030368
USD,accretion,2030Q3,48.66168789240346,49.842659405375414,51.859692051760675,54.148055127425025,56.41666261605049,58.492890028902046,59.692418904746816
USD,accretion,2030Q4,48.211369315522845,49.480510095512535,51.62141623578383,53.97908067485551,56.31878403806312,58.4801181444508,59.74039612323085
USD,accretion,2031Q1,47.806298798827,49.12625931746009,51.449131765434046,53.815012014658365,56.252210021112475,58.39378456274815,59.69917511474429
USD,accretion,2031Q2,47.40237043045283,48.83524027338229,51.21963665672257,53.66317849410437,56.12692005002715,58.45368659206627,59.72651288847582
USD,accretion,2031Q3,47.10860364730125,48.53246201075142,50.951400177832824,53.49232905970783,56.01245847242883,58.387030822989246,59.76222436064388
USD,accretion,2031Q4,46.78264395302531,48.24493587795988,50.72054383493959,53.36499890797704,55.96241226811158,58.3416184057768,59.757771279636344
USD,accretion,2032Q1,46.40795092396283,47.93362111853648,50.475805328763784,53.20664287046735,55.82659783896844,58.33357957884089,59.77079562342351
USD,accretion,2032Q2,46.02743041447476,47.632078894560145,50.2039563594172,53.062330470848536,55.80546145184587,58.30871528870716,59.75051025317851
USD,accretion,2032Q3,45.71001395992874,47.342145295283004,49.97953683862855,52.854178545195076,55.69197350537449,58.264223091583716,59.72143614057542
USD,accretion,2032Q4,45.336844736813774,47.14567154947552,49.75017105497295,52.68418636939862,55.560010500375896,58.2594048667537,59.78392607988056
USD,accretion,2033Q1,44.952365078679335,46.81685850133107,49.497428465485726,52.54415985025433,55.487290302234555,58.26519347514357,59.81452226028577
USD,accretion,2033Q2,44.64870412043314,46.453732648934675,49.29665282927349,52.36935158060071,55.394848604513115,58.290899045959186,59.83800375709406
USD,accretion,2033Q3,44.39140705163095,46.15613169060934,49.04850120208459,52.17244942308753,55.29610383019388,58.23746568501377,59.82495075906388
USD,accretion,2033Q4,44.075759906746256,45.8471409060778,48.796166584071706,51.999208934860334,55.19011283365172,58.21276517547303,59.82472395838601
USD,accretion,2034Q1,43.7435476149072,45.63083116370085,48.56220748451434,51.79177024418945,55.06157781686031,58.128523223860356,59.85939945537195
USD,accretion,2034Q2,43.39311308658293,45.36345855557155,48.38678853509818,51.65600732861003,55.015481938911584,58.048416013794096,59.83499270119508
USD,accretion,2034Q3,43.07589332854695,45.01175143166613,48.11696373289949,51.49597665131763,54.919835421264835,58.08825594381725,59.806280745827515
USD,accretion,2034Q4,42.74676574496661,44.71869435286107,47.84073086478123,51.378793014012544,54.824728406521515,57.98973074388298,59.82736938768491
USD,accretion,2035Q1,42.42886912226015,44.419134735981224,47.60678668241873,51.24961995873197,54.7367708442391,57.961475477340095,59.92137727679226
USD,accretion,2035Q2,42.179563218620366,44.12171163501982,47.361402298360034,51.08150781817463,54.65786742547703,57.98264893270591,59.92621032047015
USD,accretion,2035Q3,41.896581299654,43.84877232209546,47.15730971235087,50.88134437576985,54.55026970836691,57.91967206932019,59.88083818231228
USD,accretion,2035Q4,41.56272194666743,43.52182608487897,46.9328099439538,50.70689078235125,54.46602091819643,57.8442801257327,59.967870888308
USD,retrenchment,2026Q2,55.766909288739676,56.12517671956531,56.613685359865585,56.99584040959208,57.465784664776,57.94353671338079,58.147893681249265
USD,retrenchment,2026Q3,55.20949252965141,55.608396060553815,56.26945558312626,56.92052887674422,57.588761857381314,58.161870927824005,58.4836192118869
USD,retrenchment,2026Q4,54.70499260057084,55.190895860119895,55.97009971543486,56.808761382243425,57.639445261061,58.36822857923306,58.76233140669908
USD,retrenchment,2027Q1,54.20334664024239,54.765885580043054,55.70561799942862,56.71365090669414,57.69248665211494,58.552788006193026,59.04380104860167
USD,retrenchment,2027Q2,53.71516011879596,54.37961117716514,55.46236436025944,56.59782402012556,57.73183711907584,58.6906576851537,59.20931172803322
USD,retrenchment,2027Q3,53.36015667686152,54.03116161957276,55.21873784920956,56.47855415445947,57.74054835458338,58.78808275918663,59.38072236248615
USD,retrenchment,2027Q4,52.889561947030565,53.70593681698074,54.980019093378054,56.4018999583017,57.71275752214612,58.87042387611618,59.569888448737515
USD,retrenchment,2028Q1,52.55947027822569,53.398298981863405,54.7498182418034,56.241022377815554,57.693823090220114,58.96275474298209,59.73946646336223
USD,retrenchment,2028Q2,52.14188355768742,53.029643963495836,54.54183033472158,56.147439074729135,57.67921174242305,59.056209208091715,59.86283429252081
USD,retrenchment,2028Q3,51.80604518879453,52.74350676515544,54.31288048358926,56.024368524673854,57.69992103798043,59.149862364397215,60.05950625657981
USD,retrenchment,2028Q4,51.423097717997685,52.462039266384224,54.07745566247172,55.903746378697896,57.679179448648654,59.24222487010433,60.168802869151094
USD,retrenchment,2029Q1,51.027243347558624,52.14495658462321,53.8971794071886,55.80324509783365,57.625840308655576,59.31669381438869,60.307049930296316
USD,retrenchment,2029Q2,50.64222806132053,51.82392346564874,53.71666824152449,55.69715195523611,57.64164504540752,59.39309949185769,60.48374359845362
USD,retrenchment,2029Q3,50.35484530418543,51.495781301583506,53.497543895074955,55.59030807579459,57.63792291116159,59.46819025588053,60.573705537025546
USD,retrenchment,2029Q4,49.993613153182714,51.243957122018735,53.332121879600585,55.45993150437488,57.60675712632283,59.56659725117624,60.697762028617156
USD,retrenchment,2030Q1,49.68105690918558,50.96446529064422,53.11829349936538,55.36764580961202,57.58600196062642,59.610424686983855,60.74307047828549
USD,retrenchment,2030Q2,49.30887647754582,50.633202526056124,52.91947118260881,55.23092944358399,57.61036624532214,59.67866661307736,60.85573351284821
USD,retrenchment,2030Q3,48.98405109770959,50.33293054856876,52.65515752184669,55.1281973613702,57.565197826502306,59.73117469826801,60.943017306028445
USD,retrenchment,2030Q4,48.741827163278614,50.097294014309185,52.44517138343827,55.02477537000823,57.5206991138034,59.74420293972106,61.04243906521521
USD,retrenchment,2031Q1,48.338610844070985,49.804255803002995,52.2410288311287,54.882784500603414,57.52977846825482,59.811010719598016,61.171450686117645
USD,retrenchment,2031Q2,48.019203614076865,49.48711693972337,52.02133031678474,54.78452549332255,57.52127462199003,59.84754274789646,61.29155437834158
USD,retrenchment,2031Q3,47.78016874611366,49.252365629600014,51.83354889615667,54.645819909358494,57.47231429598556,59.99180712298266,61.36583709499532
USD,retrenchment,2031Q4,47.33425967390823,48.954140649588524,51.654531665576684,54.526888181529316,57.429576440712964,60.0403498072037,61.453542138649766
USD,retrenchment,2032Q1,47.070812083424876,48.677898712974034,51.436487753053946,54.3956721476567,57.44897864515392,60.049492050631436,61.64533356588584
USD,retrenchment,2032Q2,46.72150362206755,48.4096285809245,51.244279046810135,54.31223872591245,57.374360497052564,60.124661780421675,61.714214388621265
USD,retrenchment,2032Q3,46.35763721346736,48.137790911396436,51.01240272167486,54.18690132455232,57.43277113466895,60.179477424325704,61.83898552900782
USD,retrenchment,2032Q4,45.99563117301079,47.88111191564077,50.84220819171279,54.117085627449406,57.36518940315965,60.23258996666103,61.90158601405774
USD,retrenchment,2033Q1,45.67267349202536,47.59895724030799,50.66097200885412,53.97971507187892,57.375886482783336,60.26612255105638,62.044600452975175
USD,retrenchment,2033Q2,45.387789811058724,47.340207284051736,50.48182723497793,53.892172371296425,57.33589120636641,60.34769471042412,62.191023480357956
USD,retrenchment,2033Q3,45.1969414767306,47.10336153611088,50.214030168341615,53.79708047926904,57.31587975908364,60.391275554273,62.22109047980396
USD,retrenchment,2033Q4,44.82253146654911,46.80463740963459,50.039796851018124,53.70042042575814,57.2583089620701,60.448556811094974,62.288285901707866
USD,retrenchment,2034Q1,44.491719998610506,46.56251984559174,49.82317926082744,53.54969310833462,57.242773312172496,60.4808948132158,62.51032119807102
USD,retrenchment,2034Q2,44.18383497700469,46.22089728304991,49.60423171319533,53.47701938167454,57.18942590974051,60.53440339790444,62.57285497320261
USD,retrenchment,2034Q3,43.87195891407619,45.92780164785651,49.350174244204624,53.330394376406666,57.17237161988339,60.62443392944631,62.65678266435889
USD,retrenchment,2034Q4,43.46045511656862,45.6738410706804,49.20129167879708,53.20746289012214,57.15356604745054,60.67190398091437,62.78209196856062
USD,retrenchment,2035Q1,43.24526904928789,45.41743469617312,49.09775002322583,53.13556527867307,57.11884769218702,60.76595870002136,62.82541056303031
USD,retrenchment,2035Q2,42.86047565800036,45.13903153804761,48.95126508412656,53.05875951126299,57.05248907411047,60.79803788553913,62.93559678974277
USD,retrenchment,2035Q3,42.530955571461725,44.89214836009523,48.71285421475879,52.91233499568793,57.03439640538739,60.92513126750647,62.93672383734753
USD,retrenchment,2035Q4,42.195820149593416,44.636566359601325,48.531176558865766,52.82682163320721,57.008666534779564,60.89440561686583,63.08759352989847
USD,demonstration,2026Q2,55.7138477104179,56.08672832066894,56.58821697314306,56.953012369142456,57.43490222591667,57.926845700028025,58.124479230010714
USD,demonstration,2026Q3,55.14412669780908,55.54648344416829,56.19160971304815,56.821576966508246,57.487895538879854,58.04945132787118,58.36231905400075
USD,demonstration,2026Q4,54.556444502784345,55.038347229284184,55.84569922683661,56.670554175156965,57.47669586441739,58.18185733848062,58.615019154102114
USD,demonstration,2027Q1,54.036556622677,54.597008506273106,55.52292286393893,56.50000678795803,57.45361799815867,58.30193763908342,58.82371145610894
USD,demonstration,2027Q2,53.57554785419817,54.213642159292604,55.25815654751847,56.30445446964711,57.43345887317913,58.407031160814064,58.960168237407544
USD,demonstration,2027Q3,53.05834523956419,53.87239903772854,54.97734746264656,56.178610202172536,57.35254170467944,58.43880533074258,59.12104268860534
USD,demonstration,2027Q4,52.702547720808745,53.47920699073564,54.72005171121742,56.023381966661105,57.29440950847235,58.46206520987033,59.137068805235856
USD,demonstration,2028Q1,52.23588443598556,53.1626319545065,54.44166768944249,55.87220600220206,57.24164829169461,58.48099400040843,59.22312659019297
USD,demonstration,2028Q2,51.91845540212634,52.82184652227726,54.206030829052864,55.71929788956788,57.22206635078242,58.53966018928124,59.318113460858115
USD,demonstration,2028Q3,51.58281073514438,52.50838377332048,54.00784342208204,55.56118542974349,57.187697499773755,58.58334608022996,59.418087212832845
USD,demonstration,2028Q4,51.27379736530808,52.18973021154763,53.77006203009046,55.426069574112745,57.12669322371487,58.61552990135389,59.54586240209254
USD,demonstration,2029Q1,50.881527352508286,51.933975883305365,53.529670462209765,55.29384203207425,57.06452918350589,58.712435222268695,59.5964006652195
USD,demonstration,2029Q2,50.50620596192752,51.60631465799569,53.302172239145335,55.176592668085625,57.0510246878158,58.75594064561915,59.699264644510585
USD,demonstration,2029Q3,50.199606700126374,51.316918390768855,53.074207585996334,55.049385062591156,57.02741751075162,58.783722706013606,59.7778440219281
USD,demonstration,2029Q4,49.89866068499903,50.99135436356771,52.8968553373788,54.923463548596814,56.982585776828444,58.79736011250594,59.86806543507717
USD,demonstration,2030Q1,49.52758793912613,50.72446206153387,52.662572578368994,54.794246654134355,56.952849541507746,58.84310414466107,59.98003994828988
USD,demonstration,2030Q2,49.22181952694488,50.505340984111484,52.484680510704266,54.71189328029476,56.904948858530496,58.784076096156355,59.96568144881698
USD,demonstration,2030Q3,48.9210877169593,50.217600302832935,52.28637750544504,54.580297441431114,56.85440378883311,58.80650446006154,60.0601431888151
USD,demonstration,2030Q4,48.63559585166267,49.92752899119021,52.08901367660236,54.47898954961584,56.80064926346384,58.79492748087336,60.09661549312686
USD,demonstration,2031Q1,48.33835463214656,49.64002024557726,51.871376997452494,54.33247638791808,56.774999352417936,58.815749664567676,60.136477489066856
USD,demonstration,2031Q2,47.97478713868311,49.33966814982464,51.68387866431032,54.18202972497647,56.70900323560613,58.84257314954379,60.144693133273144
USD,demonstration,2031Q3,47.68801238420781,49.121827161445836,51.4550797624186,54.081969093227364,56.62883076239426,58.871897643144116,60.23842694916009
USD,demonstration,2031Q4,47.273031742931565,48.84957380260398,51.260836207666145,53.9665728953813,56.62040518901216,58.91838257169715,60.28785572673013
USD,demonstration,2032Q1,47.00891990947248,48.52489082518625,51.10317919628221,53.82335194622999,56.53296234787154,58.88945069914966,60.3678452236748
USD,demonstration,2032Q2,46.61535127801614,48.16994834206871,50.82168847381759,53.63184392646181,56.415920822051106,58.881521417165764,60.43424317700148
USD,demonstration,2032Q3,46.29225532692797,47.89330630223959,50.591007631229246,53.484264636663454,56.32388172986594,58.82163270990946,60.39673202451498
USD,demonstration,2032Q4,45.94254570291403,47.5790629424984,50.361226498598285,53.311436663036474,56.22277293497164,58.76026426739344,60.40183791927386
USD,demonstration,2033Q1,45.59533736165134,47.25891460413316,50.09707598757095,53.15557502618418,56.13353718106621,58.77559964643085,60.46348337312503
USD,demonstration,2033Q2,45.23775415653606,47.01004980301868,49.886376443833065,52.97509730283004,56.08313302535212,58.76561547905688,60.31352581101412
USD,demonstration,2033Q3,44.882448288501394,46.81675207419743,49.6207117268749,52.82314000528535,55.95688892374628,58.71641038682117,60.3471803140456
USD,demonstration,2033Q4,44.62269389241474,46.45666958988106,49.395970523821944,52.677568935494726,55.88222999484026,58.71527198971195,60.46633655958452
USD,demonstration,2034Q1,44.23623662093792,46.17311126795808,49.19905586082419,52.468350260206435,55.778145913109014,58.72871675211086,60.48676149978217
USD,demonstration,2034Q2,43.97994081041252,45.84457455295612,48.95968709836009,52.28351946494831,55.67430555428415,58.6941227217775,60.52985801173043
USD,demonstration,2034Q3,43.59846990032763,45.50460139330446,48.723652604620234,52.145706682194195,55.59326965266499,58.6823378133076,60.605762791341185
USD,demonstration,2034Q4,43.31188564419298,45.174862517742156,48.4934208513337,51.94640480679239,55.48911261707481,58.64320234661454,60.51372868115247
USD,demonstration,2035Q1,43.03427695246952,44.83466513166332,48.24359529494164,51.767869743918084,55.38337475357322,58.688201055581246,60.59712001806326
USD,demonstration,2035Q2,42.721921985648905,44.62681513700172,48.03045943300448,51.63025272543461,55.300380749781915,58.62891890189674,60.505985870055326
USD,demonstration,2035Q3,42.42325899334862,44.364449836663674,47.78813782599932,51.49376860449649,55.207175532284246,58.56055263516011,60.47902551472185
USD,demonstration,2035Q4,42.09083310984034,44.02691079214701,47.473020313155075,51.2965553684636,55.07931920193865,58.60519288922999,60.58903364420107
CNY,accretion,2026Q2,1.826353815468681,1.8747850792180343,1.944520018678474,2.0102029199905807,2.0720061286169638,2.1479904367883265,2.214619655026131
CNY,accretion,2026Q3,1.7735037042201822,1.8306377037462311,1.926152720716269,2.034136972532,2.140625540048255,2.2668883626102763,2.373541557071329
CNY,accretion,2026Q4,1.7195543503527824,1.7936035507361874,1.9192014143153686,2.0615801696876286,2.210037848739428,2.3678007566532355,2.4929442885453375
CNY,accretion,2027Q1,1.6776066262410534,1.7592906189060487,1.916889823713291,2.0888823488905865,2.2706667620738,2.463729034198481,2.5921041017117754
CNY,accretion,2027Q2,1.6279383694826055,1.7358784532053242,1.911964443633348,2.120798856909272,2.332241955656583,2.5515124466606802,2.6875661678291496
CNY,accretion,2027Q3,1.5867997275282186,1.708264319401631,1.9140241563080191,2.152228711000681,2.393577264433159,2.63109574765861,2.7848105746728353
CNY,accretion,2027Q4,1.5477723549541798,1.6821147643579535,1.9136548967506515,2.1800734603939733,2.4575654119570736,2.707326529627898,2.8860943045205487
CNY,accretion,2028Q1,1.5092060621593588,1.6585521100515817,1.917597644447478,2.214623258177406,2.5133696798627203,2.7989575596427185,2.9768613764453637
CNY,accretion,2028Q2,1.466851227853993,1.6339093313100466,1.9165813737021298,2.2448883039471283,2.5756555722431895,2.879993212438414,3.080936818831458
CNY,accretion,2028Q3,1.4261356742866502,1.6070575985700029,1.9150826765921636,2.2814493025114517,2.6321553349271314,2.9602947695916515,3.1822886851956644
CNY,accretion,2028Q4,1.3928990877244947,1.5846887793956341,1.9181117173748148,2.310702732790522,2.6906214599251714,3.051886129604554,3.2777169270150117
CNY,accretion,2029Q1,1.3669660917724749,1.5660306116296367,1.9222758428824471,2.3384458085983892,2.7499369698637475,3.127642755371878,3.3663707249665533
CNY,accretion,2029Q2,1.3362203286873346,1.5445155209135863,1.9279906594169693,2.366506452610558,2.7965910169375374,3.2112845723010754,3.4495904990834934
CNY,accretion,2029Q3,1.294938217911418,1.5195260102978634,1.9225226800884805,2.397062364246505,2.8564340200203335,3.296746501361076,3.5562400581196383
CNY,accretion,2029Q4,1.2462726384823195,1.5094295278488394,1.9287085275512692,2.42484192117353,2.914424791255904,3.3662498091768907,3.656181550237247
CNY,accretion,2030Q1,1.2135704179481737,1.4830823357698477,1.9379626316570278,2.4533220080074316,2.9717467637215567,3.441575698929985,3.7498059084342175
CNY,accretion,2030Q2,1.1820678536117442,1.4611506801492857,1.9365019219610557,2.4863426425909223,3.02999949254057,3.526732039369813,3.857352414838715
CNY,accretion,2030Q3,1.1402057708131748,1.447199950684111,1.9393570452152498,2.5098290877531344,3.083377667844428,3.60484008994336,3.9400960613742324
CNY,accretion,2030Q4,1.1082624469489533,1.4267611423498419,1.9470856545941446,2.54348337508953,3.1349170520194605,3.689432327269995,4.028123811324439
CNY,accretion,2031Q1,1.069517900902039,1.4001501041988644,1.9532393332503637,2.5839678766828915,3.1864192004860055,3.7653402573418293,4.11301268399033
CNY,accretion,2031Q2,1.0494774741772832,1.3860819451213315,1.959551498421181,2.614134545519345,3.2485653879831844,3.8342699940754303,4.191663132365665
CNY,accretion,2031Q3,1.0181156676230267,1.3568428043835261,1.964044283956616,2.6394157299495173,3.3075532678206776,3.9182706183994207,4.298815179536431
CNY,accretion,2031Q4,0.9821731673074697,1.346888459625508,1.971607926316017,2.666763656222243,3.365890890869318,3.9977971462152793,4.389750779086123
CNY,accretion,2032Q1,0.9544373540166177,1.3184529488519614,1.9749618993547033,2.705587897919742,3.416548373481647,4.075759546920852,4.470243847326545
CNY,accretion,2032Q2,0.9257310817427801,1.2988408004817857,1.9758590971263508,2.7336546493876357,3.471566931260103,4.161843196441405,4.558208902541441
CNY,accretion,2032Q3,0.8900102876869922,1.2778598691790777,1.9711258886514424,2.758596288049037,3.5230154422764115,4.235597834137649,4.657478145455394
CNY,accretion,2032Q4,0.8630224215426119,1.266163373716761,1.9801877673450083,2.777620017327661,3.5872031998702085,4.304325901009113,4.762167850527292
CNY,accretion,2033Q1,0.828747109964298,1.246520369079448,1.9782080093795031,2.807667788413863,3.6472261023949777,4.373527321708578,4.846064085823646
CNY,accretion,2033Q2,0.7953879941483046,1.224757202010333,1.9839487957556736,2.8326864870655877,3.70444276709625,4.4529895638687504,4.937306992344542
CNY,accretion,2033Q3,0.7605893149993522,1.2068757459201633,1.9793694501991745,2.8641882160192744,3.7577976791198062,4.540156037654496,5.031653750146419
CNY,accretion,2033Q4,0.7200441107048109,1.1858482748251953,1.9786622371770886,2.903212008356058,3.818406396475164,4.620757874991092,5.117257961636399
CNY,accretion,2034Q1,0.6782921607606536,1.1635131560907301,1.9844852722198012,2.9386187683105147,3.8733945939870877,4.708637138792793,5.210715486852756
CNY,accretion,2034Q2,0.6448134415889074,1.1364330663204019,1.992773660992634,2.967444705922283,3.918846471478162,4.784692342196137,5.280149366184696
CNY,accretion,2034Q3,0.605562990848502,1.1254967313439204,2.0007712833778903,2.992774588771767,3.9789655447314947,4.856659497274538,5.3853498364103025
CNY,accretion,2034Q4,0.5644322503374506,1.101764778964943,1.9944006730618205,3.026959265663713,4.026913789591103,4.93963803676724,5.478246491229637
CNY,accretion,2035Q1,0.5389622752991038,1.078042611850842,2.0012990988253905,3.0570707847245444,4.088920941078695,5.017962487644014,5.5740538150508945
CNY,accretion,2035Q2,0.5029772135843527,1.0590410832015544,2.00419180007223,3.0810253069726494,4.145210918335838,5.093440555128215,5.650846728154717
CNY,accretion,2035Q3,0.45522619800325553,1.039677094896419,1.9944056447764056,3.1225399479502816,4.2063478457969214,5.1752539561413755,5.73583129194363
CNY,accretion,2035Q4,0.41758084750381297,1.0199710023722492,2.0027693729119833,3.1546790032299414,4.258119368006145,5.259845059348865,5.83588987811121
CNY,retrenchment,2026Q2,1.8111237110944136,1.8558104289510633,1.9286147359571735,1.997833886357734,2.064554408663409,2.1398259772846373,2.1997755258396063
CNY,retrenchment,2026Q3,1.7326504800925089,1.793506385003247,1.8983236713337357,2.012494064092804,2.1312835091851423,2.2562807288346187,2.360953025461909
CNY,retrenchment,2026Q4,1.6579479779716597,1.739709668030341,1.8738056567337391,2.029640046193883,2.1924600337701814,2.3578952880923243,2.4629336911322444
CNY,retrenchment,2027Q1,1.5886621818061564,1.6878574604174041,1.8500132524500532,2.0499032015372043,2.2487238819749513,2.4397528180757813,2.560551813296611
CNY,retrenchment,2027Q2,1.512462817521626,1.6375799587477475,1.8328246847993792,2.069114957616746,2.301952194474855,2.5270680281389333,2.6692103998386907
CNY,retrenchment,2027Q3,1.4519910548989474,1.58325484328985,1.8140315042904454,2.0844015433373095,2.351918777315827,2.6137638822178775,2.7787508902668527
CNY,retrenchment,2027Q4,1.3809858839770877,1.5390924290769208,1.8033467274845858,2.1036072722178876,2.409198317910297,2.6931632456952914,2.8877725158512932
CNY,retrenchment,2028Q1,1.320467879003867,1.4986877057542747,1.785697549646099,2.1203753686672666,2.4549100965711146,2.775687157046841,2.9825923824903064
CNY,retrenchment,2028Q2,1.260313758198861,1.4523682431544966,1.7755717464022274,2.1417773891500467,2.501243452638707,2.8590385200831396,3.0809218016832114
CNY,retrenchment,2028Q3,1.2024739447771688,1.4080026379056496,1.758521369696593,2.160780501741697,2.562420779455658,2.945921319231953,3.176999799071721
CNY,retrenchment,2028Q4,1.1321437113171129,1.3619949009033063,1.7439265298571525,2.1820187996045393,2.616419419496196,3.0317399425870795,3.2729409391460087
CNY,retrenchment,2029Q1,1.0679653987892734,1.3112856266631046,1.7333705510594388,2.199166095639857,2.6723006572846213,3.1158970246805735,3.3687900892829115
CNY,retrenchment,2029Q2,1.0095861238987136,1.2756210184844312,1.7181216065612075,2.213584669961977,2.726533264136582,3.20592018100202,3.476683242887753
CNY,retrenchment,2029Q3,0.9464341076391456,1.229740478260703,1.7077434136063363,2.2378707790861156,2.772110295242434,3.281141455696962,3.5811048239048793
CNY,retrenchment,2029Q4,0.8805666302509146,1.1902599972973866,1.6906121291560292,2.2573239589352614,2.8222705941313597,3.3607282116331945,3.6901752260747616
CNY,retrenchment,2030Q1,0.8206651139081821,1.135727549775011,1.6769102507925076,2.26951009374418,2.8788369195030197,3.4454185988409582,3.7823309691029197
CNY,retrenchment,2030Q2,0.7627877157014774,1.0871214724767881,1.6631837860486,2.2901694800069494,2.930185853765452,3.535358755974,3.8823873864142695
CNY,retrenchment,2030Q3,0.6846731325688132,1.0414597960290537,1.64269825219229,2.302214827257168,2.9819788328677435,3.6017617103394617,3.963779063693618
CNY,retrenchment,2030Q4,0.6326702101330098,1.0117343508124501,1.6306444545963465,2.3161189193482015,3.0347888803135508,3.680357868387747,4.072119253873281
CNY,retrenchment,2031Q1,0.5757427252628426,0.9546690081455574,1.6180587963551547,2.337856329336458,3.091151074304215,3.759762207641861,4.173058573677805
CNY,retrenchment,2031Q2,0.5289488919080446,0.9188731571535793,1.6031779985335317,2.3532206519933014,3.1445501553829707,3.8370687606957947,4.270617947156439
CNY,retrenchment,2031Q3,0.46816014548633855,0.8732158389199185,1.5904044935660786,2.3790097454551242,3.1966864616967303,3.9228404665121785,4.367300381977434
CNY,retrenchment,2031Q4,0.4014882814271767,0.8293404207004033,1.5764785506584456,2.392912033167788,3.247696360115693,4.009020567110101,4.452278492663702
CNY,retrenchment,2032Q1,0.34004324644812156,0.7873350852216414,1.5656563868678393,2.4161985951313727,3.296549315408107,4.101378335400225,4.55784709706497
CNY,retrenchment,2032Q2,0.2709663609981236,0.7491148293334369,1.548483623884387,2.4290586259571727,3.347774729287674,4.194094559881168,4.664509299760065
CNY,retrenchment,2032Q3,0.21171039667262206,0.7119724544089612,1.5331341786288175,2.445831939311747,3.400259143726073,4.264203410034094,4.760149379904144
CNY,retrenchment,2032Q4,0.1571790685461041,0.6566243289419635,1.5227734256358465,2.4695129071752957,3.4500170969995843,4.3390481637410385,4.881785785603736
CNY,retrenchment,2033Q1,0.10128249330158984,0.6238178141842158,1.5179339263084253,2.4959237668789527,3.50650470989787,4.421077783711115,4.994557044001122
CNY,retrenchment,2033Q2,0.042009733383209895,0.5720710722406214,1.495613572024463,2.516169261382463,3.5619180445146386,4.49906876135662,5.093256243881165
CNY,retrenchment,2033Q3,0.0,0.5348181157772177,1.4794872130139536,2.5271917905264716,3.6074485410414647,4.596775910303312,5.19493275983204
CNY,retrenchment,2033Q4,0.0,0.4775310752959201,1.4677465135483394,2.5553183959779853,3.65818603300885,4.6663017811760135,5.286094012461414
CNY,retrenchment,2034Q1,0.0,0.44885606686891777,1.4582262677057405,2.5725432419617604,3.7086626568359047,4.762410024442861,5.396353766193542
CNY,retrenchment,2034Q2,0.0,0.40779297912505924,1.4411376743244975,2.599685103080863,3.751172961885156,4.838806418377793,5.4849648330534455
CNY,retrenchment,2034Q3,0.0,0.35916688608064457,1.4073815780432875,2.6080072417961433,3.815654883194716,4.93101275828966,5.588254756101927
CNY,retrenchment,2034Q4,0.0,0.3314363581065917,1.4064068671801655,2.625947525739305,3.8691709570295485,5.006487681083349,5.680296556015963
CNY,retrenchment,2035Q1,0.0,0.27267927848406603,1.386618524413525,2.638007098798298,3.9294747701923534,5.07136150163159,5.76581274125013
CNY,retrenchment,2035Q2,0.0,0.23400910825299687,1.3672069280584984,2.6529443321605903,3.977845899586093,5.157604733041534,5.864223992006216
CNY,retrenchment,2035Q3,0.0,0.19183778462631057,1.3545038646972785,2.6682652327223613,4.0372592951647635,5.248474521624905,5.949750872647589
CNY,retrenchment,2035Q4,0.0,0.14325090982480462,1.3397223259286974,2.6793677321196263,4.081001181914013,5.328940277217314,6.0567383003963
CNY,demonstration,2026Q2,1.8280904918758378,1.8736233228598282,1.9449950260975868,2.008922866549158,2.0706549438261925,2.1440649249455785,2.208847820404593
CNY,demonstration,2026Q3,1.772085845896274,1.832183367079503,1.9256733481372552,2.0304277208576753,2.139962990594469,2.263104695740348,2.364521265828531
CNY,demonstration,2026Q4,1.722779309985627,1.792889349184743,1.917871722997997,2.059922938435437,2.2025434380007263,2.3634591876265896,2.4697369425207487
CNY,demonstration,2027Q1,1.6718718267655825,1.7627933115969041,1.9141958012537437,2.088301922068534,2.268462406033625,2.452253225078046,2.5783072861873872
CNY,demonstration,2027Q2,1.6328717831986703,1.7388433812670745,1.9122620957468435,2.116745248923625,2.330611865730308,2.5398741640628466,2.679242641666725
CNY,demonstration,2027Q3,1.5876781663507256,1.7121197772464154,1.9123476257992094,2.1441140324620633,2.3867853280806486,2.6198698106235363,2.769049718425534
CNY,demonstration,2027Q4,1.5487256725220866,1.6913626803353772,1.9118736720355574,2.17470647467805,2.4450891745873418,2.7112625641387345,2.8669601526746806
CNY,demonstration,2028Q1,1.5061255151539856,1.6687375594503053,1.9131800372732801,2.2058196533740206,2.5012738172261835,2.794781498131095,2.9571748960552515
CNY,demonstration,2028Q2,1.4626902054253903,1.640983112769897,1.9128289433489565,2.230927493696705,2.554387028096016,2.8638968761999632,3.05293482333321
CNY,demonstration,2028Q3,1.4176732099922795,1.598289756968439,1.9049778848454724,2.24569476437921,2.5979922509658793,2.92964653830886,3.131887839813756
CNY,demonstration,2028Q4,1.350771678775109,1.5496398640986286,1.8790364456033866,2.2554815176352383,2.633419461013899,2.989947206710223,3.216831104922532
CNY,demonstration,2029Q1,1.253035378977341,1.4772210504138354,1.847457898877142,2.2601974232070936,2.663736357806796,3.057428112739925,3.2825967016095197
CNY,demonstration,2029Q2,1.1673970630364325,1.401551935441055,1.800958433943528,2.2467611482534817,2.6965437330711266,3.103461996624466,3.3463293087291692
CNY,demonstration,2029Q3,1.0472499929273997,1.3105795626715389,1.7473258442182114,2.229596857673783,2.721959025642373,3.1412892280951077,3.416366462992353
CNY,demonstration,2029Q4,0.9225290280744599,1.2198884052775785,1.6787091190243444,2.2061471430967776,2.734391210768899,3.1923513460109842,3.4725373816826237
CNY,demonstration,2030Q1,0.7929212042125867,1.089610180134232,1.5979388115672806,2.1744722008892072,2.736117006883218,3.2304941732521266,3.534705261072789
CNY,demonstration,2030Q2,0.6590629437582461,0.9784665781876163,1.5090140007331834,2.125324190185942,2.7347543053491714,3.25044388118415,3.575588592264357
CNY,demonstration,2030Q3,0.5012502697573188,0.8460791076660458,1.4097465986675022,2.0738761066974996,2.7248712428116417,3.2734331542950597,3.605084363460562
CNY,demonstration,2030Q4,0.34522662471532506,0.6960897914553388,1.3103213525550679,2.012910343051986,2.699075245770552,3.2828106582258,3.6368708061348722
CNY,demonstration,2031Q1,0.16681107900130973,0.5491568250103867,1.2107794328563286,1.9324838315643276,2.6525456548245243,3.284784466343484,3.642228666731182
CNY,demonstration,2031Q2,0.008636764124870208,0.40668393038041867,1.0920305587716792,1.8545905750221148,2.601038115462014,3.274439272637734,3.647330117778508
CNY,demonstration,2031Q3,0.0,0.24807080395996345,0.9676892290208651,1.755518629911665,2.5396717238094118,3.2501942479447616,3.6360253008541465
CNY,demonstration,2031Q4,0.0,0.09586687823645323,0.8395239653200665,1.66007403544532,2.4683132465628943,3.187100575752327,3.618928050571843
CNY,demonstration,2032Q1,0.0,0.0,0.7002948839685654,1.5445177721103538,2.383102542061256,3.1332591182154403,3.5778437511284076
CNY,demonstration,2032Q2,0.0,0.0,0.5678098547537592,1.42863823214154,2.2901081846531954,3.058605850418386,3.520899481328954
CNY,demonstration,2032Q3,0.0,0.0,0.4294940489866415,1.307142454427211,2.1916561316854213,2.984369688581293,3.462353291658118
CNY,demonstration,2032Q4,0.0,0.0,0.28757123350946573,1.1935531413160687,2.094314089689081,2.9101886164293127,3.395233852355683
CNY,demonstration,2033Q1,0.0,0.0,0.15718922655536077,1.0845390877600871,2.0129083223552104,2.8424672833606475,3.333616548146182
CNY,demonstration,2033Q2,0.0,0.0,0.027850141670932416,0.9662765558879957,1.9237606661190634,2.741424263662016,3.283175801497868
CNY,demonstration,2033Q3,0.0,0.0,0.0,0.8469814696532929,1.8336898513493067,2.667741540211715,3.223467668864477
CNY,demonstration,2033Q4,0.0,0.0,0.0,0.7328336365600641,1.7399374479678658,2.605005292361465,3.1472974310954718
CNY,demonstration,2034Q1,0.0,0.0,0.0,0.6282534997769352,1.6401730910185626,2.533774343646795,3.077071604534049
CNY,demonstration,2034Q2,0.0,0.0,0.0,0.5096347183278892,1.5437484543571858,2.456211846626222,3.0227164874712673
CNY,demonstration,2034Q3,0.0,0.0,0.0,0.39612213361962,1.4523309834777542,2.3880577218050534,2.9597757380389065
CNY,demonstration,2034Q4,0.0,0.0,0.0,0.27808200957656304,1.3586180343521703,2.315978492064373,2.9080784550001644
CNY,demonstration,2035Q1,0.0,0.0,0.0,0.17549913894922042,1.2617245193020301,2.2386920351243935,2.864993080507323
CNY,demonstration,2035Q2,0.0,0.0,0.0,0.05500765940069885,1.15954683666496,2.1723396721179515,2.79907054031936
CNY,demonstration,2035Q3,0.0,0.0,0.0,0.0,1.0692995286613962,2.1140307819526063,2.7455585024996956
CNY,demonstration,2035Q4,0.0,0.0,0.0,0.0,0.9702261813908938,2.037176477200051,2.678575990342875
